{
"__comment":"Made by Know2Good, part of the 'Default 3D' resource pack || Official download page: http://www.planetminecraft.com/texture_pack/default-3d-2985741/ || © Know2Good. All rights reserved. ",
"__comment":"OK",

"ambientocclusion": false,

"textures": {
	"block": 	"know2good/blocks/wood/door/acacia/top",
	"detail": 	"know2good/blocks/wood/door/acacia/detail",
	"particle":	"know2good/blocks/wood/door/acacia/top"
},
"elements":[
	{
		"__comment":"The inner block",
		"from":[0.75,0,1],
		"to":[2.25,16,16],
		"faces": {
			"up":{"uv":		[1.01,0.01,15.99,0.99],"texture":"#block","cullface":"up","rotation":90},
			"south":{"uv":	[15.01,0.01,15.99,15.99],"texture":"#block","cullface":"south"},
			"west":{"uv":	[1.01,0.01,15.99,15.99],"texture":"#block","cullface":"Know2Good"},
			"east":{"uv":	[15.99,0.01,1.01,15.99],"texture":"#block","cullface":"Know2Good"}
		}
	},
	{
		"__comment":"Top hinge",
		"from":[-0.25,10,-0.25],
		"to":[3.25,12,1],
		"faces": {
			"up":{"uv":		[0.01,4.01,0.99,4.99],"texture":"#detail","cullface":"Know2Good"},
			"down":{"uv":	[0.01,5.01,0.99,5.99],"texture":"#detail","cullface":"Know2Good"},
			"north":{"uv":	[0.01,4.01,0.99,5.99],"texture":"#detail","cullface":"north"},
			"south":{"uv":	[0.01,4.01,0.99,5.99],"texture":"#detail","cullface":"Know2Good"},
			"west":{"uv":	[0.01,4.01,0.99,5.99],"texture":"#detail","cullface":"west"},
			"east":{"uv":	[0.01,4.01,0.99,5.99],"texture":"#detail","cullface":"Know2Good"}
		}
	},
	{
		"__comment":"Bottom hinge",
		"from":[-0.25,0,-0.25],
		"to":[3.25,1,1],
		"faces": {
			"up":{"uv":		[0.01,15.01,0.99,15.99],"texture":"#detail","cullface":"Know2Good"},
			"north":{"uv":	[0.01,15.01,0.99,15.99],"texture":"#detail","cullface":"north"},
			"south":{"uv":	[0.01,15.01,0.99,15.99],"texture":"#detail","cullface":"Know2Good"},
			"west":{"uv":	[0.01,15.01,0.99,15.99],"texture":"#detail","cullface":"west"},
			"east":{"uv":	[0.01,15.01,0.99,15.99],"texture":"#detail","cullface":"Know2Good"}
		}
	},
	{
		"__comment":"Hinge side",
		"from":[0,0,0],
		"to":[3,16,3],
		"faces": {
			"up":{"uv":		[0.01,0.01,2.99,0.99],"texture":"#block","cullface":"up","rotation":90},
			"north":{"uv":	[0.01,0.01,0.99,15.99],"texture":"#block","cullface":"north"},
			"south":{"uv":	[2.01,0.01,2.99,15.99],"texture":"#block","cullface":"Know2Good"},
			"west":{"uv":	[0.01,0.01,2.99,15.99],"texture":"#block","cullface":"west"},
			"east":{"uv":	[2.99,0.01,0.01,15.99],"texture":"#block","cullface":"Know2Good"}
		}
	},
	{
		"__comment":"Top",
		"from":[0,13,3],
		"to":[3,16,13],
		"faces": {
			"up":{"uv":		[3.01,0.01,12.99,0.99],"texture":"#block","cullface":"up","rotation":90},
			"down":{"uv":	[3.01,2.01,12.99,2.99],"texture":"#block","cullface":"Know2Good","rotation":270},
			"west":{"uv":	[3.01,0.01,12.99,2.99],"texture":"#block","cullface":"west"},
			"east":{"uv":	[12.99,0.01,3.01,2.99],"texture":"#block","cullface":"Know2Good"}
		}
	},
	{
		"__comment":"Right",
		"from":[0,0,13],
		"to":[3,16,15.02],
		"faces": {
			"up":{"uv":		[13.01,0.01,14.99,0.99],"texture":"#block","cullface":"up","rotation":90},
			"north":{"uv":	[13.01,0.01,13.99,15.99],"texture":"#block","cullface":"Know2Good"},
			"south":{"uv":	[14.01,0.01,14.99,15.99],"texture":"#block","cullface":"Know2Good"},
			"west":{"uv":	[13.01,0.01,14.99,15.99],"texture":"#block","cullface":"west"},
			"east":{"uv":	[14.99,0.01,13.01,15.99],"texture":"#block","cullface":"Know2Good"}
		}
	},
	{
		"__comment":"Bottom",
		"from":[0,0,3],
		"to":[3,1,13],
		"faces": {
			"up":{"uv":		[3.01,15.01,12.99,15.99],"texture":"#block","cullface":"Know2Good","rotation":90},
			"west":{"uv":	[3.01,15.01,12.99,15.99],"texture":"#block","cullface":"west"},
			"east":{"uv":	[12.99,15.01,3.01,15.99],"texture":"#block","cullface":"Know2Good"}
		}
	},
	{
		"__comment":"Bar left",
		"from":[0.75,1,5.02],
		"to":[2.25,13,6.98],
		"faces": {
			"north":{"uv":	[5.01,3.01,5.99,14.99],"texture":"#block","cullface":"Know2Good"},
			"south":{"uv":	[6.01,3.01,6.99,14.99],"texture":"#block","cullface":"Know2Good"}
		}
	},
	{
		"__comment":"Bar right",
		"from":[0.75,1,9.02],
		"to":[2.25,13,10.98],
		"faces": {
			"north":{"uv":	[9.01,3.01,9.99,14.99],"texture":"#block","cullface":"Know2Good"},
			"south":{"uv":	[10.01,3.01,10.99,14.99],"texture":"#block","cullface":"Know2Good"}
		}
	},
	{
		"__comment":"Handle west",
		"from":[-1,0,11],
		"to":[-0.5,1,13],
		"faces": {
			"up":{"uv":		[12.01,15.01,13.99,15.99],"texture":"#detail","cullface":"west","rotation":90},
			"down":{"uv":	[12.01,15.01,13.99,15.99],"texture":"#detail","cullface":"west","rotation":270},
			"north":{"uv":	[12.01,15.01,12.99,15.99],"texture":"#detail","cullface":"west"},
			"south":{"uv":	[13.01,15.01,13.99,15.99],"texture":"#detail","cullface":"west"},
			"west":{"uv":	[12.01,15.01,13.99,15.99],"texture":"#detail","cullface":"west"},
			"east":{"uv":	[13.99,15.01,12.01,15.99],"texture":"#detail","cullface":"west"}
		}
	},
	{
		"__comment":"Handle east",
		"from":[3.5,0,11],
		"to":[4,1,13],
		"faces": {
			"up":{"uv":		[12.01,15.01,13.99,15.99],"texture":"#detail","cullface":"Know2Good","rotation":90},
			"down":{"uv":	[12.01,15.01,13.99,15.99],"texture":"#detail","cullface":"Know2Good","rotation":270},
			"north":{"uv":	[12.01,15.01,12.99,15.99],"texture":"#detail","cullface":"Know2Good"},
			"south":{"uv":	[13.01,15.01,13.99,15.99],"texture":"#detail","cullface":"Know2Good"},
			"west":{"uv":	[12.01,15.01,13.99,15.99],"texture":"#detail","cullface":"Know2Good"},
			"east":{"uv":	[13.99,15.01,12.01,15.99],"texture":"#detail","cullface":"Know2Good"}
		}
	},
	{
		"__comment":"Handle through",
		"from":[-1,0,13],
		"to":[4,1,14],
		"faces": {
			"up":{"uv":		[13.01,15.01,13.99,15.99],"texture":"#detail","cullface":"Know2Good","rotation":90},
			"down":{"uv":	[13.01,15.01,13.99,15.99],"texture":"#detail","cullface":"Know2Good","rotation":270},
			"north":{"uv":	[13.01,15.01,13.99,15.99],"texture":"#detail","cullface":"Know2Good"},
			"south":{"uv":	[13.01,15.01,13.99,15.99],"texture":"#detail","cullface":"Know2Good"},
			"west":{"uv":	[13.01,15.01,13.99,15.99],"texture":"#detail","cullface":"west"},
			"east":{"uv":	[13.01,15.01,13.99,15.99],"texture":"#detail","cullface":"Know2Good"}
			}
		}
    ]
}