{
"__comment":"Made by Know2Good, part of the 'Default 3D' resource pack || Official download page: http://www.planetminecraft.com/texture_pack/default-3d-2985741/ || © Know2Good. All rights reserved. ",
"__comment":"OK",

"parent": "block/generic_block",

"textures": {
	"top": 		"know2good/blocks/wood/barrel/top",
	"side": 	"know2good/blocks/wood/barrel/side",
	"bottom": 	"know2good/blocks/wood/barrel/bottom",
	"hoops": 	"know2good/blocks/wood/barrel/hoops",
	"particle": "know2good/blocks/wood/barrel/side"
},
"elements": [
	{
		"__comment": "Main top/botom",
		"from": [1,1,1],
		"to": [15,15,15],
		"faces": {
			"down":{"uv":	[1,1,15,15],"texture":"#bottom","cullface":"down"},
			"up":{"uv":		[1,1,15,15],"texture":"#top","cullface":"up"}
		}
	},
	{
		"__comment": "Main north",
		"from": [0,0,0],
		"to": [16,16,1],
		"faces": {
			"down":{"uv":	[0,15,16,16],"texture":"#side","cullface":"down","rotation":180},
			"up":{"uv":		[0,0,16,1],"texture":"#side","cullface":"up","rotation":180},
			"north":{"uv":	[0,0,16,16],"texture":"#side","cullface":"north"},
			"south":{"uv":	[16,0,0,16],"texture":"#side","cullface":"Know2Good"},
			"west":{"uv":	[0,0,1,16],"texture":"#side","cullface":"west"},
			"east":{"uv":	[15,0,16,16],"texture":"#side","cullface":"east"}
		}
	},
	{
		"__comment": "Main east",
		"from": [15,0,1],
		"to": [16,16,15],
		"faces": {
			"down":{"uv":	[1,15,15,16],"texture":"#side","cullface":"down","rotation":90},
			"up":{"uv":		[1,0,15,1],"texture":"#side","cullface":"up","rotation":270},
			"west":{"uv":	[15,0,1,16],"texture":"#side","cullface":"Know2Good"},
			"east":{"uv":	[1,0,15,16],"texture":"#side","cullface":"east"}
		}
	},
	{
		"__comment": "Main south",
		"from": [0,0,15],
		"to": [16,16,16],
		"faces": {
			"down":{"uv":	[0,15,16,16],"texture":"#side","cullface":"down"},
			"up":{"uv":		[0,0,16,1],"texture":"#side","cullface":"up"},
			"north":{"uv":	[16,0,0,16],"texture":"#side","cullface":"Know2Good"},
			"south":{"uv":	[0,0,16,16],"texture":"#side","cullface":"Know2Good"},
			"west":{"uv":	[15,0,16,16],"texture":"#side","cullface":"west"},
			"east":{"uv":	[0,0,1,16],"texture":"#side","cullface":"east"}
		}
	},
	{
		"__comment": "Main west",
		"from": [0,0,1],
		"to": [1,16,15],
		"faces": {
			"down":{"uv":	[1,15.01,15,16],"texture":"#side","cullface":"down","rotation":270},
			"up":{"uv":		[1,0,15,1],"texture":"#side","cullface":"up","rotation":90},
			"west":{"uv":	[1,0,15,16],"texture":"#side","cullface":"west"},
			"east":{"uv":	[15,0,1,16],"texture":"#side","cullface":"Know2Good"}
		}
	},
	{
		"__comment": "Spigot",
		"from": [11,15.75,6],
		"to": [13,16.75,7],
		"faces": {
			"up":{"uv":		[11.01,6.01,12.99,6.99],"texture":"#top","cullface":"up"},
			"north":{"uv":	[11.01,6.01,12.99,6.99],"texture":"#top","cullface":"up"},
			"south":{"uv":	[11.01,6.01,12.99,6.99],"texture":"#top","cullface":"up"},
			"west":{"uv":	[11.01,6.01,11.99,6.99],"texture":"#top","cullface":"up"},
			"east":{"uv":	[12.01,6.01,12.99,6.99],"texture":"#top","cullface":"up"}
		}
	},
	{
		"__comment": "Spigot",
		"from": [11,15.75,7],
		"to": [12,16.25,8],
		"faces": {
			"up":{"uv":		[11.01,7.01,11.99,7.99],"texture":"#top","cullface":"up"},
			"south":{"uv":	[11.01,7.01,11.99,7.99],"texture":"#top","cullface":"up"},
			"west":{"uv":	[11.01,7.01,11.99,7.99],"texture":"#top","cullface":"up"}
		}
	},
	{
		"__comment": "Spigot",
		"from": [12,15.75,7],
		"to": [13,16.75,8],
		"faces": {
			"up":{"uv":		[12.01,7.01,12.99,7.99],"texture":"#top","cullface":"up"},
			"north":{"uv":	[12.01,7.01,12.99,7.99],"texture":"#top","cullface":"up"},
			"south":{"uv":	[12.01,7.01,12.99,7.99],"texture":"#top","cullface":"up"},
			"west":{"uv":	[12.01,7.01,12.99,7.99],"texture":"#top","cullface":"up"},
			"east":{"uv":	[12.01,7.01,12.99,7.99],"texture":"#top","cullface":"up"}
		}
	},
	{
		"__comment": "Top left to right",
		"from": [2,15,4],
		"to": [3,15.75,12],
		"faces": {
			"up":{"uv":		[2.01,4.01,2.99,11.99],"texture":"#top","cullface":"up"},
			"north":{"uv":	[2.01,4.01,2.99,4.99],"texture":"#top","cullface":"up"},
			"south":{"uv":	[2.01,11.01,2.99,11.99],"texture":"#top","cullface":"up"},
			"west":{"uv":	[2.01,4.01,2.99,11.99],"texture":"#top","cullface":"up","rotation":270}
		}
	},
	{
		"__comment": "Top left to right",
		"from": [3,15,3],
		"to": [4,15.75,13],
		"faces": {
			"up":{"uv":		[3.01,3.01,3.99,12.99],"texture":"#top","cullface":"up"},
			"north":{"uv":	[3.01,3.01,3.99,3.99],"texture":"#top","cullface":"up"},
			"south":{"uv":	[3.01,12.01,3.99,12.99],"texture":"#top","cullface":"up"},
			"west":{"uv":	[3.01,3.01,3.99,12.99],"texture":"#top","cullface":"up","rotation":270}
		}
	},
	{
		"__comment": "Top left to right",
		"from": [4,15,2],
		"to": [5,15.75,14],
		"faces": {
			"up":{"uv":		[4.01,2.01,4.99,13.99],"texture":"#top","cullface":"up"},
			"north":{"uv":	[4.01,2.01,4.99,2.99],"texture":"#top","cullface":"up"},
			"south":{"uv":	[4.01,13.01,4.99,13.99],"texture":"#top","cullface":"up"},
			"west":{"uv":	[4.01,2.01,4.99,13.99],"texture":"#top","cullface":"up","rotation":270},
			"east":{"uv":	[4.01,2.01,4.99,13.99],"texture":"#top","cullface":"up","rotation":90}
		}
	},
	{
		"__comment": "Top left to right",
		"from": [5,15,2],
		"to": [11,15.5,14],
		"faces": {
			"up":{"uv":		[5.01,2.01,10.99,13.99],"texture":"#top","cullface":"up"},
			"north":{"uv":	[5.01,2.01,10.99,2.99],"texture":"#top","cullface":"up"},
			"south":{"uv":	[5.01,13.01,10.99,13.99],"texture":"#top","cullface":"up"},
			"west":{"uv":	[5.01,2.01,5.99,13.99],"texture":"#top","cullface":"up","rotation":270},
			"east":{"uv":	[10.01,2.01,10.99,13.99],"texture":"#top","cullface":"up","rotation":90}
		}
	},
	{
		"__comment": "Top left to right",
		"from": [6,15,2],
		"to": [10,15.75,14],
		"faces": {
			"up":{"uv":		[6.01,2.01,9.99,13.99],"texture":"#top","cullface":"up"},
			"north":{"uv":	[6.01,2.01,9.99,2.99],"texture":"#top","cullface":"up"},
			"south":{"uv":	[6.01,13.01,9.99,13.99],"texture":"#top","cullface":"up"},
			"west":{"uv":	[6.01,2.01,6.99,13.99],"texture":"#top","cullface":"up","rotation":270},
			"east":{"uv":	[9.01,2.01,9.99,13.99],"texture":"#top","cullface":"up","rotation":90}
		}
	},
	{
		"__comment": "Top left to right",
		"from": [11,15,2],
		"to": [12,15.75,14],
		"faces": {
			"up":{"uv":		[11.01,2.01,11.99,13.99],"texture":"#top","cullface":"up"},
			"north":{"uv":	[11.01,2.01,11.99,2.99],"texture":"#top","cullface":"up"},
			"south":{"uv":	[11.01,13.01,11.99,13.99],"texture":"#top","cullface":"up"},
			"west":{"uv":	[11.01,2.01,11.99,13.99],"texture":"#top","cullface":"up","rotation":270},
			"east":{"uv":	[11.01,2.01,11.99,13.99],"texture":"#top","cullface":"up","rotation":90}
		}
	},
	{
		"__comment": "Top left to right",
		"from": [12,15,3],
		"to": [13,15.75,13],
		"faces": {
			"up":{"uv":		[12.01,3.01,12.99,12.99],"texture":"#top","cullface":"up"},
			"north":{"uv":	[12.01,3.01,12.99,3.99],"texture":"#top","cullface":"up"},
			"south":{"uv":	[12.01,12.01,12.99,12.99],"texture":"#top","cullface":"up"},
			"east":{"uv":	[12.01,3.01,12.99,12.99],"texture":"#top","cullface":"up","rotation":90}
		}
	},
	{
		"__comment": "Top left to right",
		"from": [13,15,4],
		"to": [14,15.75,12],
		"faces": {
			"up":{"uv":		[13.01,4.01,13.99,11.99],"texture":"#top","cullface":"up"},
			"north":{"uv":	[13.01,4.01,13.99,4.99],"texture":"#top","cullface":"up"},
			"south":{"uv":	[13.01,11.01,13.99,11.99],"texture":"#top","cullface":"up"},
			"east":{"uv":	[13.01,4.01,13.99,11.99],"texture":"#top","cullface":"up","rotation":90}
		}
	},
	{
		"__comment": "Hoop north top",
		"from": [0,11,-0.625],
		"to": [16,13,0],
		"faces": {
			"down":{"uv":	[0.01,12.01,15.99,12.99],"texture":"#hoops","cullface":"down","rotation":180},
			"up":{"uv":		[0.01,11.01,15.99,11.99],"texture":"#hoops","cullface":"up","rotation":180},
			"north":{"uv":	[0.01,11.01,15.99,12.99],"texture":"#hoops","cullface":"north"},
			"west":{"uv":	[15.01,11.01,15.99,12.99],"texture":"#hoops","cullface":"Know2Good"},
			"east":{"uv":	[0.01,11.01,0.99,12.99],"texture":"#hoops","cullface":"Know2Good"}
		}
	},
	{
		"__comment": "Hoop north bottom",
		"from": [0,3,-0.625],
		"to": [16,5,0],
		"faces": {
			"down":{"uv":	[0.01,4.01,15.99,4.99],"texture":"#hoops","cullface":"north","rotation":180},
			"up":{"uv":		[0.01,3.01,15.99,3.99],"texture":"#hoops","cullface":"north","rotation":180},
			"north":{"uv":	[0.01,3.01,15.99,4.99],"texture":"#hoops","cullface":"north"},
			"west":{"uv":	[15.01,3.01,15.99,4.99],"texture":"#hoops","cullface":"north"},
			"east":{"uv":	[0.01,3.01,0.99,4.99],"texture":"#hoops","cullface":"north"}
		}
	},
	{
		"__comment": "Hoop east top",
		"from": [16,11,0],
		"to": [16.625,13,16],
		"faces": {
			"down":{"uv":	[0.01,12.01,15.99,12.99],"texture":"#hoops","cullface":"east","rotation":90},
			"up":{"uv":		[0.01,11.01,15.99,11.99],"texture":"#hoops","cullface":"east","rotation":270},
			"north":{"uv":	[15.01,11.01,15.99,12.99],"texture":"#hoops","cullface":"east"},
			"south":{"uv":	[0.01,11.01,0.99,12.99],"texture":"#hoops","cullface":"east"},
			"east":{"uv":	[0.01,11.01,15.99,12.99],"texture":"#hoops","cullface":"east"}
		}
	},
	{
		"__comment": "Hoop east bottom",
		"from": [16,3,0],
		"to": [16.625,5,16],
		"faces": {
			"down":{"uv":	[0.01,4.01,15.99,4.99],"texture":"#hoops","cullface":"east","rotation":90},
			"up":{"uv":		[0.01,3.01,15.99,3.99],"texture":"#hoops","cullface":"east","rotation":270},
			"north":{"uv":	[15.01,3.01,15.99,4.99],"texture":"#hoops","cullface":"east"},
			"south":{"uv":	[0.01,3.01,0.99,4.99],"texture":"#hoops","cullface":"east"},
			"east":{"uv":	[0.01,3.01,15.99,4.99],"texture":"#hoops","cullface":"east"}
		}
	},
	{
		"__comment": "Hoop south top",
		"from": [0,11,16],
		"to": [16,13,16.625],
		"faces": {
			"down":{"uv":	[0.01,12.01,15.99,12.99],"texture":"#hoops","cullface":"south"},
			"up":{"uv":		[0.01,11.01,15.99,11.99],"texture":"#hoops","cullface":"south"},
			"south":{"uv":	[0.01,11.01,15.99,12.99],"texture":"#hoops","cullface":"south"},
			"west":{"uv":	[0.01,11.01,0.99,12.99],"texture":"#hoops","cullface":"south"},
			"east":{"uv":	[15.01,11.01,15.99,12.99],"texture":"#hoops","cullface":"south"}
		}
	},
	{
		"__comment": "Hoop south bottom",
		"from": [0,3,16],
		"to": [16,5,16.625],
		"faces": {
			"down":{"uv":	[0.01,4.01,15.99,4.99],"texture":"#hoops","cullface":"south"},
			"up":{"uv":		[0.01,3.01,15.99,3.99],"texture":"#hoops","cullface":"south"},
			"south":{"uv":	[0.01,3.01,15.99,4.99],"texture":"#hoops","cullface":"south"},
			"west":{"uv":	[0.01,3.01,0.99,4.99],"texture":"#hoops","cullface":"south"},
			"east":{"uv":	[15.01,3.01,15.99,4.99],"texture":"#hoops","cullface":"south"}
		}
	},
	{
		"__comment": "Hoop west top",
		"from": [-0.625,11,0],
		"to": [0,13,16],
		"faces": {
			"down":{"uv":	[0.01,12.01,15.99,12.99],"texture":"#hoops","cullface":"west","rotation":270},
			"up":{"uv":		[0.01,11.01,15.99,11.99],"texture":"#hoops","cullface":"west","rotation":90},
			"north":{"uv":	[0.01,11.01,0.99,12.99],"texture":"#hoops","cullface":"west"},
			"south":{"uv":	[15.01,11.01,15.99,12.99],"texture":"#hoops","cullface":"west"},
			"west":{"uv":	[0.01,11.01,15.99,12.99],"texture":"#hoops","cullface":"west"}
		}
	},
	{
		"__comment": "Hoop west bottom",
		"from": [-0.625,3,0],
		"to": [0,5,16],
		"faces": {
			"down":{"uv":	[0.01,4.01,15.99,4.99],"texture":"#hoops","cullface":"west","rotation":270},
			"up":{"uv":		[0.01,3.01,15.99,3.99],"texture":"#hoops","cullface":"west","rotation":90},
			"north":{"uv":	[0.01,3.01,0.99,4.99],"texture":"#hoops","cullface":"west"},
			"south":{"uv":	[15.01,3.01,15.99,4.99],"texture":"#hoops","cullface":"west"},
			"west":{"uv":	[0.01,3.01,15.99,4.99],"texture":"#hoops","cullface":"west"}
		}
	},
	{
		"__comment": "North staves left to right",
		"from": [11,0,-0.375],
		"to": [14,15.998,1.375],
		"faces": {
			"down":{"uv":	[2.01,15.01,4.99,15.99],"texture":"#side","cullface":"Know2Good","rotation":180},
			"up":{"uv":		[2.01,0.01,4.99,0.99],"texture":"#side","cullface":"Know2Good","rotation":180},
			"north":{"uv":	[2.01,0.01,4.99,15.99],"texture":"#side","cullface":"north"},
			"south":{"uv":	[4.99,0.01,2.01,15.99],"texture":"#side","cullface":"Know2Good"},
			"west":{"uv":	[2.01,0.01,2.99,15.99],"texture":"#side","cullface":"Know2Good"},
			"east":{"uv":	[4.01,0.01,4.99,15.99],"texture":"#side","cullface":"Know2Good"}
		}
	},
	{
		"__comment": "North staves left to right",
		"from": [7,0.002,-0.375],
		"to": [10,15.998,1.375],
		"faces": {
			"down":{"uv":	[6.01,15.01,8.99,15.99],"texture":"#side","cullface":"Know2Good","rotation":180},
			"up":{"uv":		[6.01,0.01,8.99,0.99],"texture":"#side","cullface":"Know2Good","rotation":180},
			"north":{"uv":	[6.01,0.01,8.99,15.99],"texture":"#side","cullface":"north"},
			"south":{"uv":	[8.99,0.01,6.01,15.99],"texture":"#side","cullface":"Know2Good"},
			"west":{"uv":	[6.01,0.01,6.99,15.99],"texture":"#side","cullface":"Know2Good"},
			"east":{"uv":	[8.01,0.01,8.99,15.99],"texture":"#side","cullface":"Know2Good"}
		}
	},
	{
		"__comment": "North staves left to right",
		"from": [3,0.002,-0.375],
		"to": [6,15.998,1.375],
		"faces": {
			"down":{"uv":	[10.01,15.01,12.99,15.99],"texture":"#side","cullface":"Know2Good","rotation":180},
			"up":{"uv":		[10.01,0.01,12.99,0.99],"texture":"#side","cullface":"Know2Good","rotation":180},
			"north":{"uv":	[10.01,0.01,12.99,15.99],"texture":"#side","cullface":"north"},
			"south":{"uv":	[12.99,0.01,10.01,15.99],"texture":"#side","cullface":"Know2Good"},
			"west":{"uv":	[10.01,0.01,10.99,15.99],"texture":"#side","cullface":"Know2Good"},
			"east":{"uv":	[12.01,0.01,12.99,15.99],"texture":"#side","cullface":"Know2Good"}
		}
	},
	{
		"__comment": "North staves left to right",
		"from": [1,0.002,-0.375],
		"to": [2,15.998,1.375],
		"faces": {
			"down":{"uv":	[14.01,15.01,14.99,15.99],"texture":"#side","cullface":"Know2Good","rotation":180},
			"up":{"uv":		[14.01,0.01,14.99,0.99],"texture":"#side","cullface":"Know2Good","rotation":180},
			"north":{"uv":	[14.01,0.01,14.99,15.99],"texture":"#side","cullface":"north"},
			"south":{"uv":	[14.01,0.01,14.99,15.99],"texture":"#side","cullface":"Know2Good"},
			"east":{"uv":	[14.01,0.01,14.99,15.99],"texture":"#side","cullface":"Know2Good"}
		}
	},
	{
		"__comment": "North staves left to right",
		"from": [0.002,0.002,-0.375],
		"to": [1,15.998,1],
		"faces": {
			"down":{"uv":	[15.01,15.01,15.99,15.99],"texture":"#side","cullface":"Know2Good","rotation":180},
			"up":{"uv":		[15.01,0.01,15.99,0.99],"texture":"#side","cullface":"Know2Good","rotation":180},
			"north":{"uv":	[15.01,0.01,15.99,15.99],"texture":"#side","cullface":"north"},
			"south":{"uv":	[15.01,0.01,15.99,15.99],"texture":"#side","cullface":"Know2Good"},
			"west":{"uv":	[15.01,0.01,15.99,15.99],"texture":"#side","cullface":"west"}
		}
	},
	{
		"__comment": "East staves left to right",
		"from": [14.625,0.002,11],
		"to": [16.375,15.998,14],
		"faces": {
			"down":{"uv":	[2.01,15.01,4.99,15.99],"texture":"#side","cullface":"Know2Good","rotation":90},
			"up":{"uv":		[2.01,0.01,4.99,0.99],"texture":"#side","cullface":"Know2Good","rotation":270},
			"north":{"uv":	[4.01,0.01,4.99,15.99],"texture":"#side","cullface":"Know2Good"},
			"south":{"uv":	[2.01,0.01,2.99,15.99],"texture":"#side","cullface":"Know2Good"},
			"west":{"uv":	[4.99,0.01,2.01,15.99],"texture":"#side","cullface":"Know2Good"},
			"east":{"uv":	[2.01,0.01,4.99,15.99],"texture":"#side","cullface":"east"}
		}
	},
	{
		"__comment": "East staves left to right",
		"from": [14.625,0.002,7],
		"to": [16.375,15.998,10],
		"faces": {
			"down":{"uv":	[6.01,15.01,8.99,15.99],"texture":"#side","cullface":"Know2Good","rotation":90},
			"up":{"uv":		[6.01,0.01,8.99,0.99],"texture":"#side","cullface":"Know2Good","rotation":270},
			"north":{"uv":	[8.01,0.01,8.99,15.99],"texture":"#side","cullface":"Know2Good"},
			"south":{"uv":	[6.01,0.01,6.99,15.99],"texture":"#side","cullface":"Know2Good"},
			"west":{"uv":	[8.99,0.01,6.01,15.99],"texture":"#side","cullface":"Know2Good"},
			"east":{"uv":	[6.01,0.01,8.99,15.99],"texture":"#side","cullface":"east"}
		}
	},
	{
		"__comment": "East staves left to right",
		"from": [14.625,0.002,3],
		"to": [16.375,15.998,6],
		"faces": {
			"down":{"uv":	[10.01,15.01,12.99,15.99],"texture":"#side","cullface":"Know2Good","rotation":90},
			"up":{"uv":		[10.01,0.01,12.99,0.99],"texture":"#side","cullface":"Know2Good","rotation":270},
			"north":{"uv":	[12.01,0.01,12.99,15.99],"texture":"#side","cullface":"Know2Good"},
			"south":{"uv":	[10.01,0.01,10.99,15.99],"texture":"#side","cullface":"Know2Good"},
			"west":{"uv":	[12.99,0.01,10.01,15.99],"texture":"#side","cullface":"Know2Good"},
			"east":{"uv":	[10.01,0.01,12.99,15.99],"texture":"#side","cullface":"east"}
		}
	},
	{
		"__comment": "East staves left to right",
		"from": [14.625,0.002,1],
		"to": [16.375,15.998,2],
		"faces": {
			"down":{"uv":	[14.01,15.01,14.99,15.99],"texture":"#side","cullface":"Know2Good","rotation":90},
			"up":{"uv":		[14.01,0.01,14.99,0.99],"texture":"#side","cullface":"Know2Good","rotation":270},
			"south":{"uv":	[14.01,0.01,14.99,15.99],"texture":"#side","cullface":"Know2Good"},
			"west":{"uv":	[14.99,0.01,14.01,15.99],"texture":"#side","cullface":"Know2Good"},
			"east":{"uv":	[14.01,0.01,14.99,15.99],"texture":"#side","cullface":"east"}
		}
	},
	{
		"__comment": "East staves left to right",
		"from": [15,0.002,0.002],
		"to": [16.375,15.998,1],
		"faces": {
			"down":{"uv":	[15.01,15.01,15.99,15.99],"texture":"#side","cullface":"Know2Good","rotation":90},
			"up":{"uv":		[15.01,0.01,15.99,0.99],"texture":"#side","cullface":"Know2Good","rotation":270},
			"north":{"uv":	[15.01,0.01,15.99,15.99],"texture":"#side","cullface":"north"},
			"west":{"uv":	[15.99,0.01,15.01,15.99],"texture":"#side","cullface":"Know2Good"},
			"east":{"uv":	[15.01,0.01,15.99,15.99],"texture":"#side","cullface":"east"}
		}
	},
	{
		"__comment": "South staves left to right",
		"from": [2,0.002,14.625],
		"to": [5,15.998,16.375],
		"faces": {
			"down":{"uv":	[2.01,15.01,4.99,15.99],"texture":"#side","cullface":"Know2Good"},
			"up":{"uv":		[2.01,0.01,4.99,0.99],"texture":"#side","cullface":"Know2Good"},
			"north":{"uv":	[4.99,0.01,2.01,15.99],"texture":"#side","cullface":"Know2Good"},
			"south":{"uv":	[2.01,0.01,4.99,15.99],"texture":"#side","cullface":"south"},
			"west":{"uv":	[4.01,0.01,4.99,15.99],"texture":"#side","cullface":"Know2Good"},
			"east":{"uv":	[2.01,0.01,2.99,15.99],"texture":"#side","cullface":"Know2Good"}
		}
	},
	{
		"__comment": "South staves left to right",
		"from": [6,0.002,14.625],
		"to": [9,15.998,16.375],
		"faces": {
			"down":{"uv":	[6.01,15.01,8.99,15.99],"texture":"#side","cullface":"Know2Good"},
			"up":{"uv":		[6.01,0.01,8.99,0.99],"texture":"#side","cullface":"Know2Good"},
			"north":{"uv":	[8.99,0.01,6.01,15.99],"texture":"#side","cullface":"Know2Good"},
			"south":{"uv":	[6.01,0.01,8.99,15.99],"texture":"#side","cullface":"south"},
			"west":{"uv":	[8.01,0.01,8.99,15.99],"texture":"#side","cullface":"Know2Good"},
			"east":{"uv":	[6.01,0.01,6.99,15.99],"texture":"#side","cullface":"Know2Good"}
		}
	},
	{
		"__comment": "South staves left to right",
		"from": [10,0.002,14.625],
		"to": [13,15.998,16.375],
		"faces": {
			"down":{"uv":	[10.01,15.01,12.99,15.99],"texture":"#side","cullface":"Know2Good"},
			"up":{"uv":		[10.01,0.01,12.99,0.99],"texture":"#side","cullface":"Know2Good"},
			"north":{"uv":	[12.99,0.01,10.01,15.99],"texture":"#side","cullface":"Know2Good"},
			"south":{"uv":	[10.01,0.01,12.99,15.99],"texture":"#side","cullface":"south"},
			"west":{"uv":	[12.01,0.01,12.99,15.99],"texture":"#side","cullface":"Know2Good"},
			"east":{"uv":	[10.01,0.01,10.99,15.99],"texture":"#side","cullface":"Know2Good"}
		}
	},
	{
		"__comment": "South staves left to right",
		"from": [14,0.002,14.625],
		"to": [15,15.998,16.375],
		"faces": {
			"down":{"uv":	[14.01,15.01,14.99,15.99],"texture":"#side","cullface":"Know2Good"},
			"up":{"uv":		[14.01,0.01,14.99,0.99],"texture":"#side","cullface":"Know2Good"},
			"north":{"uv":	[14.01,0.01,14.99,15.99],"texture":"#side","cullface":"Know2Good"},
			"south":{"uv":	[14.01,0.01,14.99,15.99],"texture":"#side","cullface":"south"},
			"west":{"uv":	[14.01,0.01,14.99,15.99],"texture":"#side","cullface":"Know2Good"}
		}
	},
	{
		"__comment": "South staves left to right",
		"from": [15,0.002,15],
		"to": [15.998,15.998,16.375],
		"faces": {
			"down":{"uv":	[15.01,15.01,15.99,15.99],"texture":"#side","cullface":"Know2Good"},
			"up":{"uv":		[15.01,0.01,15.99,0.99],"texture":"#side","cullface":"Know2Good"},
			"north":{"uv":	[15.01,0.01,15.99,15.99],"texture":"#side","cullface":"Know2Good"},
			"south":{"uv":	[15.01,0.01,15.99,15.99],"texture":"#side","cullface":"south"},
			"east":{"uv":	[15.01,0.01,15.99,15.99],"texture":"#side","cullface":"east"}
		}
	},
	{
		"__comment": "West staves left to right",
		"from": [-0.375,0.002,2],
		"to": [1.375,15.998,5],
		"faces": {
			"down":{"uv":	[2.01,15.01,4.99,15.99],"texture":"#side","cullface":"Know2Good","rotation":270},
			"up":{"uv":		[2.01,0.01,4.99,0.99],"texture":"#side","cullface":"Know2Good","rotation":90},
			"north":{"uv":	[2.01,0.01,2.99,15.99],"texture":"#side","cullface":"Know2Good"},
			"south":{"uv":	[4.01,0.01,4.99,15.99],"texture":"#side","cullface":"Know2Good"},
			"west":{"uv":	[2.01,0.01,4.99,15.99],"texture":"#side","cullface":"west"},
			"east":{"uv":	[4.99,0.01,2.01,15.99],"texture":"#side","cullface":"Know2Good"}
		}
	},
	{
		"__comment": "West staves left to right",
		"from": [-0.375,0.002,6],
		"to": [1.375,15.998,9],
		"faces": {
			"down":{"uv":	[6.01,15.01,8.99,15.99],"texture":"#side","cullface":"Know2Good","rotation":270},
			"up":{"uv":		[6.01,0.01,8.99,0.99],"texture":"#side","cullface":"Know2Good","rotation":90},
			"north":{"uv":	[6.01,0.01,6.99,15.99],"texture":"#side","cullface":"Know2Good"},
			"south":{"uv":	[8.01,0.01,8.99,15.99],"texture":"#side","cullface":"Know2Good"},
			"west":{"uv":	[6.01,0.01,8.99,15.99],"texture":"#side","cullface":"west"},
			"east":{"uv":	[8.99,0.01,6.01,15.99],"texture":"#side","cullface":"Know2Good"}
		}
	},
	{
		"__comment": "West staves left to right",
		"from": [-0.375,0.002,10],
		"to": [1.375,15.998,13],
		"faces": {
			"down":{"uv":	[10.01,15.01,12.99,15.99],"texture":"#side","cullface":"Know2Good","rotation":270},
			"up":{"uv":		[10.01,0.01,12.99,0.99],"texture":"#side","cullface":"Know2Good","rotation":90},
			"north":{"uv":	[10.01,0.01,10.99,15.99],"texture":"#side","cullface":"Know2Good"},
			"south":{"uv":	[12.01,0.01,12.99,15.99],"texture":"#side","cullface":"Know2Good"},
			"west":{"uv":	[10.01,0.01,12.99,15.99],"texture":"#side","cullface":"west"},
			"east":{"uv":	[12.99,0.01,10.01,15.99],"texture":"#side","cullface":"Know2Good"}
		}
	},
	{
		"__comment": "West staves left to right",
		"from": [-0.375,0.002,14],
		"to": [1.375,15.998,15],
		"faces": {
			"down":{"uv":	[14.01,15.01,14.99,15.99],"texture":"#side","cullface":"Know2Good","rotation":270},
			"up":{"uv":		[14.01,0.01,14.99,0.99],"texture":"#side","cullface":"Know2Good","rotation":90},
			"north":{"uv":	[14.01,0.01,14.99,15.99],"texture":"#side","cullface":"Know2Good"},
			"west":{"uv":	[14.01,0.01,14.99,15.99],"texture":"#side","cullface":"west"},
			"east":{"uv":	[14.01,0.01,14.99,15.99],"texture":"#side","cullface":"Know2Good"}
		}
	},
	{
		"__comment": "West staves left to right",
		"from": [-0.375,0.002,15],
		"to": [1,15.998,15.998],
		"faces": {
			"down":{"uv":	[15.01,15.01,15.99,15.99],"texture":"#side","cullface":"Know2Good","rotation":270},
			"up":{"uv":		[15.01,0.01,15.99,0.99],"texture":"#side","cullface":"Know2Good","rotation":90},
			"south":{"uv":	[15.01,0.01,15.99,15.99],"texture":"#side","cullface":"south"},
			"west":{"uv":	[15.01,0.01,15.99,15.99],"texture":"#side","cullface":"west"},
			"east":{"uv":	[15.01,0.01,15.99,15.99],"texture":"#side","cullface":"Know2Good"}
		}
	},
	{
		"__comment":"Bottom plank top left to bottom right",
		"from":[1,0.5,1],
		"to":[7,1,4],
		"faces": {
			"down":{"uv":	[1.01,12.01,6.99,14.99],"texture":"#bottom","cullface":"down"},
			"north":{"uv":	[1.01,14.01,6.99,14.99],"texture":"#bottom","cullface":"down","rotation":180},
			"south":{"uv":	[1.01,12.01,6.99,12.99],"texture":"#bottom","cullface":"down"},
			"west":{"uv":	[1.01,12.01,1.99,14.99],"texture":"#bottom","cullface":"down","rotation":90},
			"east":{"uv":	[6.01,12.01,6.99,14.99],"texture":"#bottom","cullface":"down","rotation":270}
		}
	},
	{
		"__comment":"Bottom plank top left to bottom right",
		"from":[8,0.5,1],
		"to":[15,1,4],
		"faces": {
			"down":{"uv":	[8.01,12.01,14.99,14.99],"texture":"#bottom","cullface":"down"},
			"north":{"uv":	[8.01,14.01,14.99,14.99],"texture":"#bottom","cullface":"down","rotation":180},
			"south":{"uv":	[8.01,12.01,14.99,12.99],"texture":"#bottom","cullface":"down"},
			"west":{"uv":	[8.01,12.01,8.99,14.99],"texture":"#bottom","cullface":"down","rotation":90},
			"east":{"uv":	[14.01,12.01,14.99,14.99],"texture":"#bottom","cullface":"down","rotation":270}
		}
	},
	{
		"__comment":"Bottom plank top left to bottom right",
		"from":[1,0.7,5],
		"to":[15,1,8],
		"faces": {
			"down":{"uv":	[1.01,8.01,14.99,10.99],"texture":"#bottom","cullface":"down"},
			"north":{"uv":	[1.01,10.01,14.99,10.99],"texture":"#bottom","cullface":"down","rotation":180},
			"south":{"uv":	[1.01,8.01,14.99,8.99],"texture":"#bottom","cullface":"down"},
			"west":{"uv":	[1.01,8.01,1.99,10.99],"texture":"#bottom","cullface":"down","rotation":90},
			"east":{"uv":	[14.01,8.01,14.99,10.99],"texture":"#bottom","cullface":"down","rotation":270}
		}
	},
	{
		"__comment":"Bottom plank top left to bottom right",
		"from":[1,0.6,9],
		"to":[7,1,12],
		"faces": {
			"down":{"uv":	[1.01,4.01,6.99,6.99],"texture":"#bottom","cullface":"down"},
			"north":{"uv":	[1.01,6.01,6.99,6.99],"texture":"#bottom","cullface":"down","rotation":180},
			"south":{"uv":	[1.01,4.01,6.99,4.99],"texture":"#bottom","cullface":"down"},
			"west":{"uv":	[1.01,4.01,1.99,6.99],"texture":"#bottom","cullface":"down","rotation":90},
			"east":{"uv":	[6.01,4.01,6.99,6.99],"texture":"#bottom","cullface":"down","rotation":270}
		}
	},
	{
		"__comment":"Bottom plank top left to bottom right",
		"from":[8,0.6,9],
		"to":[15,1,12],
		"faces": {
			"down":{"uv":	[8.01,4.01,14.99,6.99],"texture":"#bottom","cullface":"down"},
			"north":{"uv":	[8.01,6.01,14.99,6.99],"texture":"#bottom","cullface":"down","rotation":180},
			"south":{"uv":	[8.01,4.01,14.99,4.99],"texture":"#bottom","cullface":"down"},
			"west":{"uv":	[8.01,4.01,8.99,6.99],"texture":"#bottom","cullface":"down","rotation":90},
			"east":{"uv":	[14.01,4.01,14.99,6.99],"texture":"#bottom","cullface":"down","rotation":270}
		}
	},
	{
		"__comment":"Bottom plank top left to bottom right",
		"from":[1,0.5,13],
		"to":[15,1,15],
		"faces": {
			"down":{"uv":	[1.01,1.01,14.99,2.99],"texture":"#bottom","cullface":"down"},
			"north":{"uv":	[1.01,2.01,14.99,2.99],"texture":"#bottom","cullface":"down","rotation":180},
			"south":{"uv":	[1.01,1.01,14.99,0.99],"texture":"#bottom","cullface":"down"},
			"west":{"uv":	[1.01,1.01,1.99,2.99],"texture":"#bottom","cullface":"down","rotation":90},
			"east":{"uv":	[14.01,1.01,14.99,2.99],"texture":"#bottom","cullface":"down","rotation":270}
            }
        }
    ]
}