{
"__comment":"Made by Know2Good, part of the 'Default 3D' resource pack || Official download page: http://www.planetminecraft.com/texture_pack/default-3d-2985741/ || © Know2Good. All rights reserved. ",
"__comment":"OK",

"textures": {
    "block": 	"know2good/blocks/plant/beetroots/beetroots_stage0",
    "particle": "know2good/blocks/plant/beetroots/beetroots_stage0"

},
"elements":[
	{
		"__comment":"Beetroot north bottom left to top right",
		"from": [7,-1,2.5],
		"to": [9,0,3.5],
		"faces": {
			"up":{"uv":		[6.01,15.01,7.99,15.99],"texture":"#block","cullface":"Know2Good","rotation":180},
			"north":{"uv":	[6.01,15.01,7.99,15.99],"texture":"#block","cullface":"Know2Good"},
			"south":{"uv":	[6.01,15.01,7.99,15.99],"texture":"#block","cullface":"Know2Good","rotation":180},
			"west":{"uv":	[7.01,15.01,7.99,15.99],"texture":"#block","cullface":"Know2Good"},
			"east":{"uv":	[6.01,15.01,6.99,15.99],"texture":"#block","cullface":"Know2Good"}
		}
	},
	{
		"__comment":"Beetroot north bottom left to top right",
		"from": [6,0,2.25],
		"to": [7,2,3.75],
		"faces": {
			"down":{"uv":	[8.01,14.01,8.99,14.99],"texture":"#block","cullface":"Know2Good"},
			"up":{"uv":		[8.01,13.01,8.99,13.99],"texture":"#block","cullface":"Know2Good"},
			"north":{"uv":	[8.01,13.01,8.99,14.99],"texture":"#block","cullface":"Know2Good"},
			"south":{"uv":	[8.01,13.01,8.99,14.99],"texture":"#block","cullface":"Know2Good"},
			"west":{"uv":	[8.01,13.01,8.99,14.99],"texture":"#block","cullface":"Know2Good"},
			"east":{"uv":	[8.01,13.01,8.99,14.99],"texture":"#block","cullface":"Know2Good"}
		}
	},
	{
		"__comment":"Beetroot north bottom left to top right",
		"from": [8,1,2.25],
		"to": [9,2,3.75],
		"faces": {
			"down":{"uv":	[6.01,13.01,6.99,13.99],"texture":"#block","cullface":"Know2Good"},
			"north":{"uv":	[6.01,13.01,6.99,13.99],"texture":"#block","cullface":"Know2Good"},
			"south":{"uv":	[6.01,13.01,6.99,13.99],"texture":"#block","cullface":"Know2Good"},
			"west":{"uv":	[6.01,13.01,6.99,13.99],"texture":"#block","cullface":"Know2Good"},
			"east":{"uv":	[6.01,13.01,6.99,13.99],"texture":"#block","cullface":"Know2Good"}
		}
	},
	{
		"__comment":"Beetroot north bottom left to top right",
		"from": [7,2,2.25],
		"to": [9,3,3.75],
		"faces": {
			"down":{"uv":	[6.01,12.01,7.99,12.99],"texture":"#block","cullface":"Know2Good","rotation":180},
			"up":{"uv":		[6.01,12.01,7.99,12.99],"texture":"#block","cullface":"Know2Good","rotation":180},
			"north":{"uv":	[6.01,12.01,7.99,12.99],"texture":"#block","cullface":"Know2Good"},
			"south":{"uv":	[6.01,12.01,7.99,12.99],"texture":"#block","cullface":"Know2Good","rotation":180},
			"west":{"uv":	[7.01,12.01,7.99,12.99],"texture":"#block","cullface":"Know2Good"},
			"east":{"uv":	[6.01,12.01,6.99,12.99],"texture":"#block","cullface":"Know2Good"}
		}
	},
	{
		"__comment":"Beetroot east bottom left to top right",
		"from": [12.25,-1,8],
		"to": [13.75,0,9],
		"faces": {
			"up":{"uv":		[11.01,15.01,11.99,15.99],"texture":"#block","cullface":"Know2Good"},
			"north":{"uv":	[11.01,15.01,11.99,15.99],"texture":"#block","cullface":"Know2Good"},
			"south":{"uv":	[11.01,15.01,11.99,15.99],"texture":"#block","cullface":"Know2Good"},
			"west":{"uv":	[11.01,15.01,11.99,15.99],"texture":"#block","cullface":"Know2Good"},
			"east":{"uv":	[11.01,15.01,11.99,15.99],"texture":"#block","cullface":"Know2Good"}
		}
	},
	{
		"__comment":"Beetroot east bottom left to top right",
		"from": [12.5,-1,7],
		"to": [13.5,0,8],
		"faces": {
			"north":{"uv":	[12.01,15.01,12.99,15.99],"texture":"#block","cullface":"Know2Good"},
			"west":{"uv":	[12.01,15.01,12.99,15.99],"texture":"#block","cullface":"Know2Good"},
			"east":{"uv":	[12.01,15.01,12.99,15.99],"texture":"#block","cullface":"Know2Good"}
		}
	},
	{
		"__comment":"Beetroot east bottom left to top right",
		"from": [12.25,0,7],
		"to": [13.75,1,8],
		"faces": {
			"down":{"uv":	[12.01,14.01,12.99,14.99],"texture":"#block","cullface":"Know2Good"},
			"up":{"uv":		[12.01,14.01,12.99,14.99],"texture":"#block","cullface":"Know2Good"},
			"north":{"uv":	[12.01,14.01,12.99,14.99],"texture":"#block","cullface":"Know2Good"},
			"south":{"uv":	[12.01,14.01,12.99,14.99],"texture":"#block","cullface":"Know2Good"},
			"west":{"uv":	[12.01,14.01,12.99,14.99],"texture":"#block","cullface":"Know2Good"},
			"east":{"uv":	[12.01,14.01,12.99,14.99],"texture":"#block","cullface":"Know2Good"}
		}
	},
	{
		"__comment":"Beetroot east bottom left to top right",
		"from": [12.25,1,8],
		"to": [13.75,2,9],
		"faces": {
			"down":{"uv":	[11.01,13.01,11.99,13.99],"texture":"#block","cullface":"Know2Good"},
			"up":{"uv":		[11.01,13.01,11.99,13.99],"texture":"#block","cullface":"Know2Good"},
			"north":{"uv":	[11.01,13.01,11.99,13.99],"texture":"#block","cullface":"Know2Good"},
			"south":{"uv":	[11.01,13.01,11.99,13.99],"texture":"#block","cullface":"Know2Good"},
			"west":{"uv":	[11.01,13.01,11.99,13.99],"texture":"#block","cullface":"Know2Good"},
			"east":{"uv":	[11.01,13.01,11.99,13.99],"texture":"#block","cullface":"Know2Good"}
		}
	},
	{
		"__comment":"Beetroot south bottom left to top right",
		"from": [7,-1,12.5],
		"to": [9,0,13.5],
		"faces": {
			"up":{"uv":		[6.01,15.01,7.99,15.99],"texture":"#block","cullface":"Know2Good"},
			"north":{"uv":	[6.01,15.01,7.99,15.99],"texture":"#block","cullface":"Know2Good","rotation":180},
			"south":{"uv":	[6.01,15.01,7.99,15.99],"texture":"#block","cullface":"Know2Good"},
			"west":{"uv":	[6.01,15.01,6.99,15.99],"texture":"#block","cullface":"Know2Good"},
			"east":{"uv":	[7.01,15.01,7.99,15.99],"texture":"#block","cullface":"Know2Good"}
		}
	},
	{
		"__comment":"Beetroot south bottom left to top right",
		"from": [9,0,12.25],
		"to": [10,2,13.75],
		"faces": {
			"down":{"uv":	[8.01,14.01,8.99,14.99],"texture":"#block","cullface":"Know2Good"},
			"up":{"uv":		[8.01,13.01,8.99,13.99],"texture":"#block","cullface":"Know2Good"},
			"north":{"uv":	[8.01,13.01,8.99,14.99],"texture":"#block","cullface":"Know2Good"},
			"south":{"uv":	[8.01,13.01,8.99,14.99],"texture":"#block","cullface":"Know2Good"},
			"west":{"uv":	[8.01,13.01,8.99,14.99],"texture":"#block","cullface":"Know2Good"},
			"east":{"uv":	[8.01,13.01,8.99,14.99],"texture":"#block","cullface":"Know2Good"}
		}
	},
	{
		"__comment":"Beetroot south bottom left to top right",
		"from": [7,1,12.25],
		"to": [8,2,13.75],
		"faces": {
			"down":{"uv":	[6.01,13.01,6.99,13.99],"texture":"#block","cullface":"Know2Good"},
			"north":{"uv":	[6.01,13.01,6.99,13.99],"texture":"#block","cullface":"Know2Good"},
			"south":{"uv":	[6.01,13.01,6.99,13.99],"texture":"#block","cullface":"Know2Good"},
			"west":{"uv":	[6.01,13.01,6.99,13.99],"texture":"#block","cullface":"Know2Good"},
			"east":{"uv":	[6.01,13.01,6.99,13.99],"texture":"#block","cullface":"Know2Good"}
		}
	},
	{
		"__comment":"Beetroot south bottom left to top right",
		"from": [7,2,12.25],
		"to": [9,3,13.75],
		"faces": {
			"down":{"uv":	[6.01,12.01,7.99,12.99],"texture":"#block","cullface":"Know2Good"},
			"up":{"uv":		[6.01,12.01,7.99,12.99],"texture":"#block","cullface":"Know2Good"},
			"north":{"uv":	[6.01,12.01,7.99,12.99],"texture":"#block","cullface":"Know2Good","rotation":180},
			"south":{"uv":	[6.01,12.01,7.99,12.99],"texture":"#block","cullface":"Know2Good"},
			"west":{"uv":	[6.01,12.01,6.99,12.99],"texture":"#block","cullface":"Know2Good"},
			"east":{"uv":	[7.01,12.01,7.99,12.99],"texture":"#block","cullface":"Know2Good"}
		}
	},
	{
		"__comment":"Beetroot west bottom left to top right",
		"from": [2.25,-1,7],
		"to": [3.75,0,8],
		"faces": {
			"up":{"uv":		[11.01,15.01,11.99,15.99],"texture":"#block","cullface":"Know2Good"},
			"north":{"uv":	[11.01,15.01,11.99,15.99],"texture":"#block","cullface":"Know2Good"},
			"south":{"uv":	[11.01,15.01,11.99,15.99],"texture":"#block","cullface":"Know2Good"},
			"west":{"uv":	[11.01,15.01,11.99,15.99],"texture":"#block","cullface":"Know2Good"},
			"east":{"uv":	[11.01,15.01,11.99,15.99],"texture":"#block","cullface":"Know2Good"}
		}
	},
	{
		"__comment":"Beetroot west bottom left to top right",
		"from": [2.5,-1,8],
		"to": [3.5,0,9],
		"faces": {
			"south":{"uv":	[12.01,15.01,12.99,15.99],"texture":"#block","cullface":"Know2Good"},
			"west":{"uv":	[12.01,15.01,12.99,15.99],"texture":"#block","cullface":"Know2Good"},
			"east":{"uv":	[12.01,15.01,12.99,15.99],"texture":"#block","cullface":"Know2Good"}
		}
	},
	{
		"__comment":"Beetroot west bottom left to top right",
		"from": [2.25,0,8],
		"to": [3.75,1,9],
		"faces": {
			"down":{"uv":	[12.01,14.01,12.99,14.99],"texture":"#block","cullface":"Know2Good"},
			"up":{"uv":		[12.01,14.01,12.99,14.99],"texture":"#block","cullface":"Know2Good"},
			"north":{"uv":	[12.01,14.01,12.99,14.99],"texture":"#block","cullface":"Know2Good"},
			"south":{"uv":	[12.01,14.01,12.99,14.99],"texture":"#block","cullface":"Know2Good"},
			"west":{"uv":	[12.01,14.01,12.99,14.99],"texture":"#block","cullface":"Know2Good"},
			"east":{"uv":	[12.01,14.01,12.99,14.99],"texture":"#block","cullface":"Know2Good"}
		}
	},
	{
		"__comment":"Beetroot west bottom left to top right",
		"from": [2.25,1,7],
		"to": [3.75,2,8],
		"faces": {
			"down":{"uv":	[11.01,13.01,11.99,13.99],"texture":"#block","cullface":"Know2Good"},
			"up":{"uv":		[11.01,13.01,11.99,13.99],"texture":"#block","cullface":"Know2Good"},
			"north":{"uv":	[11.01,13.01,11.99,13.99],"texture":"#block","cullface":"Know2Good"},
			"south":{"uv":	[11.01,13.01,11.99,13.99],"texture":"#block","cullface":"Know2Good"},
			"west":{"uv":	[11.01,13.01,11.99,13.99],"texture":"#block","cullface":"Know2Good"},
			"east":{"uv":	[11.01,13.01,11.99,13.99],"texture":"#block","cullface":"Know2Good"}
            }
        }
    ]
}