{
"__comment":"Made by Know2Good, part of the 'Default 3D' resource pack || Official download page: http://www.planetminecraft.com/texture_pack/default-3d-2985741/ || © Know2Good. All rights reserved. ",
"__comment":"OK",

"parent": "block/generic_inner_plank_stairs_su",

"textures": {
	"main": 	"know2good/blocks/wood/planks/block/birch/0/main",
	"north": 	"know2good/blocks/wood/planks/block/birch/0/north",
	"east": 	"know2good/blocks/wood/planks/block/birch/0/east",
	"south": 	"know2good/blocks/wood/planks/block/birch/0/south",
	"west": 	"know2good/blocks/wood/planks/block/birch/0/west",
	"particle": "know2good/blocks/wood/planks/block/birch/0/main"
    }
}