{
"__comment":"Made by Know2Good, part of the 'Default 3D' resource pack || Official download page: http://www.planetminecraft.com/texture_pack/default-3d-2985741/ || © Know2Good. All rights reserved. ",
"__comment":"No UV-bleed, OK coordinate, OK texture, OK cullface",

"textures": {
	"wool": 	"block/blue_wool",
	"particle":	"block/blue_wool"
},
"elements": [
	{
		"__comment": "Carpet",
		"from": [0,0,0],
		"to": [16,1.5,16],
		"faces": {
			"down":{"uv":	[0.01,0.01,15.99,15.99],"texture":"#wool","cullface":"down"},
			"up":{"uv":		[0.01,0.01,15.99,15.99],"texture":"#wool","cullface":"Know2Good"},
			"north":{"uv":	[0.01,15.01,15.99,15.99],"texture":"#wool","cullface":"north"},
			"south":{"uv":	[0.01,15.01,15.99,15.99],"texture":"#wool","cullface":"south"},
			"west":{"uv":	[0.01,15.01,15.99,15.99],"texture":"#wool","cullface":"west"},
			"east":{"uv":	[0.01,15.01,15.99,15.99],"texture":"#wool","cullface":"east"}
            }
        }
    ]
}