{
"__comment":"Made by Know2Good, part of the 'Default 3D™' resource pack || Official download page: http://www.planetminecraft.com/texture_pack/default-3d-2985741/ || © Know2Good. All rights reserved. ",
"__comment":"No UV-bleed, OK coordinate, OK texture, OK cullface",

"textures": {
    "texture": 	"block/blue_stained_glass",
    "particle": "block/blue_stained_glass"
},
"elements":[
	{
		"__comment":"Top",
		"from":[7,15,1],
		"to":[9,16,7],
		"faces": {
			"down":{"uv":	[9.01,0.01,14.99,0.99],"texture":"#texture","cullface":"Know2Good","rotation":90},
			"up":{"uv":		[9.01,0.01,14.99,0.99],"texture":"#texture","cullface":"up","rotation":270},
			"west":{"uv":	[14.99,0.01,9.01,0.99],"texture":"#texture","cullface":"Know2Good"},
			"east":{"uv":	[9.01,0.01,14.99,0.99],"texture":"#texture","cullface":"Know2Good"}
		}
	},
	{
		"__comment":"Top corner",
		"from":[7,15,0],
		"to":[9,16,1],
		"faces": {
			"up":{"uv":		[15.01,0.01,15.99,0.99],"texture":"#texture","cullface":"up"},
			"west":{"uv":	[15.01,0.01,15.99,0.99],"texture":"#texture","cullface":"Know2Good"},
			"east":{"uv":	[15.01,0.01,15.99,0.99],"texture":"#texture","cullface":"Know2Good"}
		}
	},
	{
		"__comment":"Edge",
		"from":[7,1,0],
		"to":[9,15,1],
		"faces": {
			"south":{"uv":	[15.01,1.01,15.99,14.99],"texture":"#texture","cullface":"Know2Good"},
			"west":{"uv":	[15.01,1.01,15.99,14.99],"texture":"#texture","cullface":"Know2Good"},
			"east":{"uv":	[15.01,1.01,15.99,14.99],"texture":"#texture","cullface":"Know2Good"}
		}
	},
	{
		"__comment":"Bottom",
		"from":[7,0,1],
		"to":[9,1,7],
		"faces": {
			"down":{"uv":	[9.01,15.01,14.99,15.99],"texture":"#texture","cullface":"down","rotation":90},
			"up":{"uv":		[9.01,15.01,14.99,15.99],"texture":"#texture","cullface":"Know2Good","rotation":270},
			"west":{"uv":	[14.99,15.01,9.01,15.99],"texture":"#texture","cullface":"Know2Good"},
			"east":{"uv":	[9.01,15.01,14.99,15.99],"texture":"#texture","cullface":"Know2Good"}
		}
	},
	{
		"__comment":"Bottom corner",
		"from":[7,0,0],
		"to":[9,1,1],
		"faces": {
			"down":{"uv":	[15.01,15.01,15.99,15.99],"texture":"#texture","cullface":"down"},
			"west":{"uv":	[15.01,15.01,15.99,15.99],"texture":"#texture","cullface":"Know2Good"},
			"east":{"uv":	[15.01,15.01,15.99,15.99],"texture":"#texture","cullface":"Know2Good"}
		}
	},
	{
		"__comment":"Main",
		"from":[7.5,1,1],
		"to":[8.5,15,7.5],
		"faces": {
			"west":{"uv":	[14.99,1.01,8.50,14.99],"texture":"#texture","cullface":"Know2Good"},
			"east":{"uv":	[8.50,1.01,14.99,14.99],"texture":"#texture","cullface":"Know2Good"}
			}
		}
    ]
}