{
"__comment":"Made by Know2Good, part of the 'Default 3D™' resource pack || Official download page: http://www.planetminecraft.com/texture_pack/default-3d-2985741/ || © Know2Good. All rights reserved. ",
"__comment":"No UV-bleed, OK coordinate, OK texture, OK cullface",

"textures": {
    "texture": 	"block/blue_stained_glass",
    "particle": "block/blue_stained_glass"
},
"elements":[
	{
		"__comment":"Top",
		"from":[7,15,9],
		"to":[9,16,15],
		"faces": {
			"down":{"uv":	[1.01,0.01,6.99,0.99],"texture":"#texture","cullface":"Know2Good","rotation":90},
			"up":{"uv":		[1.01,0.01,6.99,0.99],"texture":"#texture","cullface":"up","rotation":270},
			"west":{"uv":	[6.99,0.01,1.01,0.99],"texture":"#texture","cullface":"Know2Good"},
			"east":{"uv":	[1.01,0.01,6.99,0.99],"texture":"#texture","cullface":"Know2Good"}
		}
	},
	{
		"__comment":"Top corner",
		"from":[7,15,15],
		"to":[9,16,16],
		"faces": {
			"up":{"uv":		[0.01,0.01,0.99,0.99],"texture":"#texture","cullface":"up"},
			"west":{"uv":	[0.01,0.01,0.99,0.99],"texture":"#texture","cullface":"Know2Good"},
			"east":{"uv":	[0.01,0.01,0.99,0.99],"texture":"#texture","cullface":"Know2Good"}
		}
	},
	{
		"__comment":"Edge",
		"from":[7,1,15],
		"to":[9,15,16],
		"faces": {
			"north":{"uv":	[0.01,1.01,0.99,14.99],"texture":"#texture","cullface":"Know2Good"},
			"west":{"uv":	[0.01,1.01,0.99,14.99],"texture":"#texture","cullface":"Know2Good"},
			"east":{"uv":	[0.01,1.01,0.99,14.99],"texture":"#texture","cullface":"Know2Good"}
		}
	},
	{
		"__comment":"Bottom",
		"from":[7,0,9],
		"to":[9,1,15],
		"faces": {
			"down":{"uv":	[1.01,15.01,6.99,15.99],"texture":"#texture","cullface":"down","rotation":90},
			"up":{"uv":		[1.01,15.01,6.99,15.99],"texture":"#texture","cullface":"Know2Good","rotation":270},
			"west":{"uv":	[6.99,15.01,1.01,15.99],"texture":"#texture","cullface":"Know2Good"},
			"east":{"uv":	[1.01,15.01,6.99,15.99],"texture":"#texture","cullface":"Know2Good"}
		}
	},
	{
		"__comment":"Bottom corner",
		"from":[7,0,15],
		"to":[9,1,16],
		"faces": {
			"down":{"uv":	[0.01,15.01,0.99,15.99],"texture":"#texture","cullface":"down"},
			"west":{"uv":	[0.01,15.01,0.99,15.99],"texture":"#texture","cullface":"Know2Good"},
			"east":{"uv":	[0.01,15.01,0.99,15.99],"texture":"#texture","cullface":"Know2Good"}
		}
	},
	{
		"__comment":"Main",
		"from":[7.5,1,8.5],
		"to":[8.5,15,15],
		"faces": {
			"west":{"uv":	[7.50,1.01,1.01,14.99],"texture":"#texture","cullface":"Know2Good"},
			"east":{"uv":	[1.01,1.01,7.50,14.99],"texture":"#texture","cullface":"Know2Good"}
			}
		}
    ]
}