{
"__comment":"Made by Know2Good, part of the 'Default 3D™' resource pack || Official download page: http://www.planetminecraft.com/texture_pack/default-3d-2985741/ || © Know2Good. All rights reserved. ",
"__comment":"No UV-bleed, OK coordinate, OK texture, OK cullface",

"textures": {
    "texture": 	"block/blue_stained_glass",
    "particle": "block/blue_stained_glass"
},
"elements":[
	{
		"__comment":"Top",
		"from":[7,15,7],
		"to":[9,16,9],
		"faces": {
			"down":{"uv":	[7.01,0.01,8.99,0.99],"texture":"#texture","cullface":"Know2Good"},
			"up":{"uv":		[7.01,0.01,8.99,0.99],"texture":"#texture","cullface":"up"}
		}
	},
	{
		"__comment":"Bottom",
		"from":[7,0,7],
		"to":[9,1,9],
		"faces": {
			"down":{"uv":	[7.01,15.01,8.99,15.99],"texture":"#texture","cullface":"down"},
			"up":{"uv":		[7.01,15.01,8.99,15.99],"texture":"#texture","cullface":"Know2Good"}
			}
		}
    ]
}