{
"__comment":"Made by Know2Good, part of the 'Default 3D' resource pack || Official download page: http://www.planetminecraft.com/texture_pack/default-3d-2985741/ || © Know2Good. All rights reserved. ",
	"variants": {
        "type=bottom":[
			{ "model": "block/wood/planks/slab/bottom/acacia/0", "weight": 40 },
			
			{ "model": "block/wood/planks/slab/bottom/acacia/1", "weight": 30 },
			{ "model": "block/wood/planks/slab/bottom/acacia/2", "weight": 30 },
			{ "model": "block/wood/planks/slab/bottom/acacia/3", "weight": 30 },
			{ "model": "block/wood/planks/slab/bottom/acacia/4", "weight": 30 },
			
			{ "model": "block/wood/planks/slab/bottom/acacia/5", "weight": 10 },
			{ "model": "block/wood/planks/slab/bottom/acacia/6", "weight": 10 },
			{ "model": "block/wood/planks/slab/bottom/acacia/7", "weight": 10 },
			{ "model": "block/wood/planks/slab/bottom/acacia/8", "weight": 10 },
			{ "model": "block/wood/planks/slab/bottom/acacia/9", "weight": 10 },
			{ "model": "block/wood/planks/slab/bottom/acacia/10", "weight": 10 },
			
			{ "model": "block/wood/planks/slab/bottom/acacia/11", "weight": 10 },
			{ "model": "block/wood/planks/slab/bottom/acacia/12", "weight": 10 },
			{ "model": "block/wood/planks/slab/bottom/acacia/13", "weight": 10 },
			{ "model": "block/wood/planks/slab/bottom/acacia/14", "weight": 10 },
			
			{ "model": "block/wood/planks/slab/bottom/acacia/15", "weight": 5 }
		],
        "type=top":[
			{ "model": "block/wood/planks/slab/top/acacia/0", "weight": 40 },
			
			{ "model": "block/wood/planks/slab/top/acacia/1", "weight": 30 },
			{ "model": "block/wood/planks/slab/top/acacia/2", "weight": 30 },
			{ "model": "block/wood/planks/slab/top/acacia/3", "weight": 30 },
			{ "model": "block/wood/planks/slab/top/acacia/4", "weight": 30 },
			
			{ "model": "block/wood/planks/slab/top/acacia/5", "weight": 10 },
			{ "model": "block/wood/planks/slab/top/acacia/6", "weight": 10 },
			{ "model": "block/wood/planks/slab/top/acacia/7", "weight": 10 },
			{ "model": "block/wood/planks/slab/top/acacia/8", "weight": 10 },
			{ "model": "block/wood/planks/slab/top/acacia/9", "weight": 10 },
			{ "model": "block/wood/planks/slab/top/acacia/10", "weight": 10 },
			
			{ "model": "block/wood/planks/slab/top/acacia/11", "weight": 10 },
			{ "model": "block/wood/planks/slab/top/acacia/12", "weight": 10 },
			{ "model": "block/wood/planks/slab/top/acacia/13", "weight": 10 },
			{ "model": "block/wood/planks/slab/top/acacia/14", "weight": 10 },
			
			{ "model": "block/wood/planks/slab/top/acacia/15", "weight": 5 }
		],
        "type=double": [
			{ "model": "block/wood/planks/block/acacia/0", "weight": 40 },
			
			{ "model": "block/wood/planks/block/acacia/1", "weight": 30 },
			{ "model": "block/wood/planks/block/acacia/2", "weight": 30 },
			{ "model": "block/wood/planks/block/acacia/3", "weight": 30 },
			{ "model": "block/wood/planks/block/acacia/4", "weight": 30 },
			
			{ "model": "block/wood/planks/block/acacia/5", "weight": 10 },
			{ "model": "block/wood/planks/block/acacia/6", "weight": 10 },
			{ "model": "block/wood/planks/block/acacia/7", "weight": 10 },
			{ "model": "block/wood/planks/block/acacia/8", "weight": 10 },
			{ "model": "block/wood/planks/block/acacia/9", "weight": 10 },
			{ "model": "block/wood/planks/block/acacia/10", "weight": 10 },
			
			{ "model": "block/wood/planks/block/acacia/11", "weight": 10 },
			{ "model": "block/wood/planks/block/acacia/12", "weight": 10 },
			{ "model": "block/wood/planks/block/acacia/13", "weight": 10 },
			{ "model": "block/wood/planks/block/acacia/14", "weight": 10 },
			
			{ "model": "block/wood/planks/block/acacia/15", "weight": 5 }
        ]
    }
}

