{
"__comment":"Made by Know2Good, part of the 'Default 3D' resource pack || Official download page: http://www.planetminecraft.com/texture_pack/default-3d-2985741/ || © Know2Good. All rights reserved. ",
    "variants": {
        "": [{ "model": "block/wood/bark/acacia/0", "weight": 10 },
							{ "model": "block/wood/bark/acacia/0", "x": 180, "weight": 10 },
							{ "model": "block/wood/bark/acacia/0", "y": 90, "weight": 10 },
							{ "model": "block/wood/bark/acacia/0", "y": 90, "x": 180, "weight": 10 },
							{ "model": "block/wood/bark/acacia/1", "weight": 10 },
							{ "model": "block/wood/bark/acacia/1", "x": 180, "weight": 10 },
							{ "model": "block/wood/bark/acacia/1", "y": 90, "weight": 10 },
							{ "model": "block/wood/bark/acacia/1", "y": 90, "x": 180, "weight": 10 },
							{ "model": "block/wood/bark/acacia/2", "weight": 10 },
							{ "model": "block/wood/bark/acacia/2", "x": 180, "weight": 10 },
							{ "model": "block/wood/bark/acacia/2", "y": 90, "weight": 10 },
							{ "model": "block/wood/bark/acacia/2", "y": 90, "x": 180, "weight": 10 },
							{ "model": "block/wood/bark/acacia/3", "weight": 10 },
							{ "model": "block/wood/bark/acacia/3", "x": 180, "weight": 10 },
							{ "model": "block/wood/bark/acacia/3", "y": 90, "weight": 10 },
							{ "model": "block/wood/bark/acacia/3", "y": 90, "x": 180, "weight": 10 },
							{ "model": "block/wood/bark/acacia/4", "weight": 10 },
							{ "model": "block/wood/bark/acacia/4", "x": 180, "weight": 10 },
							{ "model": "block/wood/bark/acacia/4", "y": 90, "weight": 10 },
							{ "model": "block/wood/bark/acacia/4", "y": 90, "x": 180, "weight": 10 },
							{ "model": "block/wood/bark/acacia/5", "weight": 10 },
							{ "model": "block/wood/bark/acacia/5", "x": 180, "weight": 10 },
							{ "model": "block/wood/bark/acacia/5", "y": 90, "weight": 10 },
							{ "model": "block/wood/bark/acacia/5", "y": 90, "x": 180, "weight": 10 },
							{ "model": "block/wood/bark/acacia/6", "weight": 10 },
							{ "model": "block/wood/bark/acacia/6", "x": 180, "weight": 10 },
							{ "model": "block/wood/bark/acacia/6", "y": 90, "weight": 10 },
							{ "model": "block/wood/bark/acacia/6", "y": 90, "x": 180, "weight": 10 },
							{ "model": "block/wood/bark/acacia/7", "weight": 10 },
							{ "model": "block/wood/bark/acacia/7", "x": 180, "weight": 10 },
							{ "model": "block/wood/bark/acacia/7", "y": 90, "weight": 10 },
							{ "model": "block/wood/bark/acacia/7", "y": 90, "x": 180, "weight": 10 },
							{ "model": "block/wood/bark/acacia/8", "weight": 10 },
							{ "model": "block/wood/bark/acacia/8", "x": 180, "weight": 10 },
							{ "model": "block/wood/bark/acacia/8", "y": 90, "weight": 10 },
							{ "model": "block/wood/bark/acacia/8", "y": 90, "x": 180, "weight": 10 },
							{ "model": "block/wood/bark/acacia/9", "weight": 10 },
							{ "model": "block/wood/bark/acacia/9", "x": 180, "weight": 10 },
							{ "model": "block/wood/bark/acacia/9", "y": 90, "weight": 10 },
							{ "model": "block/wood/bark/acacia/9", "y": 90, "x": 180, "weight": 10 },
							{ "model": "block/wood/bark/acacia/10", "weight": 10 },
							{ "model": "block/wood/bark/acacia/10", "x": 180, "weight": 10 },
							{ "model": "block/wood/bark/acacia/10", "y": 90, "weight": 10 },
							{ "model": "block/wood/bark/acacia/10", "y": 90, "x": 180, "weight": 10 },
							{ "model": "block/wood/bark/acacia/11", "weight": 10 },
							{ "model": "block/wood/bark/acacia/11", "x": 180, "weight": 10 },
							{ "model": "block/wood/bark/acacia/11", "y": 90, "weight": 10 },
							{ "model": "block/wood/bark/acacia/11", "y": 90, "x": 180, "weight": 10 },
							{ "model": "block/wood/bark/acacia/12", "weight": 10 },
							{ "model": "block/wood/bark/acacia/12", "x": 180, "weight": 10 },
							{ "model": "block/wood/bark/acacia/12", "y": 90, "weight": 10 },
							{ "model": "block/wood/bark/acacia/12", "y": 90, "x": 180, "weight": 10 },
							{ "model": "block/wood/bark/acacia/13", "weight": 10 },
							{ "model": "block/wood/bark/acacia/13", "x": 180, "weight": 10 },
							{ "model": "block/wood/bark/acacia/13", "y": 90, "weight": 10 },
							{ "model": "block/wood/bark/acacia/13", "y": 90, "x": 180, "weight": 10 }
        ]
    }
}

