{
"__comment":"Made by Know2Good, part of the 'Default 3D' resource pack || Official download page: http://www.planetminecraft.com/texture_pack/default-3d-2985741/ || © Know2Good. All rights reserved. ",
    "variants": {
        "": [
            { "model": "block/beacon", "weight": 200 },
			{ "model": "block/beacon_alt1", "weight": 200 },
			{ "model": "block/beacon_alt2", "weight": 200 },
			{ "model": "block/beacon_alt3", "weight": 200 },
			{ "model": "block/beacon_alt4", "weight": 200 },
			{ "model": "block/beacon_alt5", "weight": 200 },
			{ "model": "block/beacon_alt6", "weight": 200 },
			{ "model": "block/beacon_alt7", "weight": 200 },
			{ "model": "block/beacon_alt8", "weight": 200 },
			{ "model": "block/beacon_alt9", "weight": 200 },
			{ "model": "block/beacon_alt10", "weight": 200 },
			{ "model": "block/beacon_alt11", "weight": 200 },
			{ "model": "block/beacon_alt12", "weight": 200 }
        ]
    }
}