{
"__comment":"Made by Know2Good, part of the 'Default 3D' resource pack || Official download page: http://www.planetminecraft.com/texture_pack/default-3d-2985741/ || © Know2Good. All rights reserved. ",
"__comment":"OK",

	"variants": {
        "": [
            { "model": "block/stone/bedrock/block/0", "weight": 59 },
            { "model": "block/stone/bedrock/block/0", "y": 90, "weight": 62 },
            { "model": "block/stone/bedrock/block/0", "y": 180, "weight": 60 },
			{ "model": "block/stone/bedrock/block/0", "y": 270, "weight": 61 },
			
			{ "model": "block/stone/bedrock/block/1", "weight": 59 },
            { "model": "block/stone/bedrock/block/1", "y": 90, "weight": 62 },
            { "model": "block/stone/bedrock/block/1", "y": 180, "weight": 60 },
			{ "model": "block/stone/bedrock/block/1", "y": 270, "weight": 61 },
			
			{ "model": "block/stone/bedrock/block/2", "weight": 59 },
            { "model": "block/stone/bedrock/block/2", "y": 90, "weight": 62 },
            { "model": "block/stone/bedrock/block/2", "y": 180, "weight": 60 },
			{ "model": "block/stone/bedrock/block/2", "y": 270, "weight": 61 },
			
			{ "model": "block/stone/bedrock/block/3", "weight": 59 },
            { "model": "block/stone/bedrock/block/3", "y": 90, "weight": 62 },
            { "model": "block/stone/bedrock/block/3", "y": 180, "weight": 60 },
			{ "model": "block/stone/bedrock/block/3", "y": 270, "weight": 61 },
			
			{ "model": "block/stone/bedrock/block/4", "weight": 59 },
            { "model": "block/stone/bedrock/block/4", "y": 90, "weight": 62 },
            { "model": "block/stone/bedrock/block/4", "y": 180, "weight": 60 },
			{ "model": "block/stone/bedrock/block/4", "y": 270, "weight": 61 },
			
			{ "model": "block/stone/bedrock/block/5", "weight": 59 },
            { "model": "block/stone/bedrock/block/5", "y": 90, "weight": 62 },
            { "model": "block/stone/bedrock/block/5", "y": 180, "weight": 60 },
			{ "model": "block/stone/bedrock/block/5", "y": 270, "weight": 61 },
			
			{ "model": "block/stone/bedrock/block/6", "weight": 59 },
            { "model": "block/stone/bedrock/block/6", "y": 90, "weight": 62 },
            { "model": "block/stone/bedrock/block/6", "y": 180, "weight": 60 },
			{ "model": "block/stone/bedrock/block/6", "y": 270, "weight": 61 },
			
			{ "model": "block/stone/bedrock/block/7", "weight": 59 },
            { "model": "block/stone/bedrock/block/7", "y": 90, "weight": 62 },
            { "model": "block/stone/bedrock/block/7", "y": 180, "weight": 60 },
			{ "model": "block/stone/bedrock/block/7", "y": 270, "weight": 61 },
			
			{ "model": "block/stone/bedrock/block/8", "weight": 59 },
            { "model": "block/stone/bedrock/block/8", "y": 90, "weight": 62 },
            { "model": "block/stone/bedrock/block/8", "y": 180, "weight": 60 },
			{ "model": "block/stone/bedrock/block/8", "y": 270, "weight": 61 },
			
			{ "model": "block/stone/bedrock/block/9", "weight": 59 },
            { "model": "block/stone/bedrock/block/9", "y": 90, "weight": 62 },
            { "model": "block/stone/bedrock/block/9", "y": 180, "weight": 60 },
			{ "model": "block/stone/bedrock/block/9", "y": 270, "weight": 61 },
			
			{ "model": "block/stone/bedrock/block/10", "weight": 59 },
            { "model": "block/stone/bedrock/block/10", "y": 90, "weight": 62 },
            { "model": "block/stone/bedrock/block/10", "y": 180, "weight": 60 },
			{ "model": "block/stone/bedrock/block/10", "y": 270, "weight": 61 },
			
			{ "model": "block/stone/bedrock/block/11", "weight": 59 },
            { "model": "block/stone/bedrock/block/11", "y": 90, "weight": 62 },
            { "model": "block/stone/bedrock/block/11", "y": 180, "weight": 60 },
			{ "model": "block/stone/bedrock/block/11", "y": 270, "weight": 61 },
			
			{ "model": "block/stone/bedrock/block/12", "weight": 59 },
            { "model": "block/stone/bedrock/block/12", "y": 90, "weight": 62 },
            { "model": "block/stone/bedrock/block/12", "y": 180, "weight": 60 },
			{ "model": "block/stone/bedrock/block/12", "y": 270, "weight": 61 },
			
			{ "model": "block/stone/bedrock/block/13", "weight": 59 },
            { "model": "block/stone/bedrock/block/13", "y": 90, "weight": 62 },
            { "model": "block/stone/bedrock/block/13", "y": 180, "weight": 60 },
			{ "model": "block/stone/bedrock/block/13", "y": 270, "weight": 61 }
        ]
    }
}

