{
"__comment":"Made by Know2Good, part of the 'Default 3D' resource pack || Official download page: http://www.planetminecraft.com/texture_pack/default-3d-2985741/ || © Know2Good. All rights reserved. ",
	"variants": {
        "type=bottom":[
			{ "model": "block/wood/planks/slab/bottom/birch/0", "weight": 40 },
			
			{ "model": "block/wood/planks/slab/bottom/birch/1", "weight": 30 },
			{ "model": "block/wood/planks/slab/bottom/birch/2", "weight": 30 },
			{ "model": "block/wood/planks/slab/bottom/birch/3", "weight": 30 },
			{ "model": "block/wood/planks/slab/bottom/birch/4", "weight": 30 },
			
			{ "model": "block/wood/planks/slab/bottom/birch/5", "weight": 10 },
			{ "model": "block/wood/planks/slab/bottom/birch/6", "weight": 10 },
			{ "model": "block/wood/planks/slab/bottom/birch/7", "weight": 10 },
			{ "model": "block/wood/planks/slab/bottom/birch/8", "weight": 10 },
			{ "model": "block/wood/planks/slab/bottom/birch/9", "weight": 10 },
			{ "model": "block/wood/planks/slab/bottom/birch/10", "weight": 10 },
			
			{ "model": "block/wood/planks/slab/bottom/birch/11", "weight": 10 },
			{ "model": "block/wood/planks/slab/bottom/birch/12", "weight": 10 },
			{ "model": "block/wood/planks/slab/bottom/birch/13", "weight": 10 },
			{ "model": "block/wood/planks/slab/bottom/birch/14", "weight": 10 },
			
			{ "model": "block/wood/planks/slab/bottom/birch/15", "weight": 5 }
		],
        "type=top":[
			{ "model": "block/wood/planks/slab/top/birch/0", "weight": 40 },
			
			{ "model": "block/wood/planks/slab/top/birch/1", "weight": 30 },
			{ "model": "block/wood/planks/slab/top/birch/2", "weight": 30 },
			{ "model": "block/wood/planks/slab/top/birch/3", "weight": 30 },
			{ "model": "block/wood/planks/slab/top/birch/4", "weight": 30 },
			
			{ "model": "block/wood/planks/slab/top/birch/5", "weight": 10 },
			{ "model": "block/wood/planks/slab/top/birch/6", "weight": 10 },
			{ "model": "block/wood/planks/slab/top/birch/7", "weight": 10 },
			{ "model": "block/wood/planks/slab/top/birch/8", "weight": 10 },
			{ "model": "block/wood/planks/slab/top/birch/9", "weight": 10 },
			{ "model": "block/wood/planks/slab/top/birch/10", "weight": 10 },
			
			{ "model": "block/wood/planks/slab/top/birch/11", "weight": 10 },
			{ "model": "block/wood/planks/slab/top/birch/12", "weight": 10 },
			{ "model": "block/wood/planks/slab/top/birch/13", "weight": 10 },
			{ "model": "block/wood/planks/slab/top/birch/14", "weight": 10 },
			
			{ "model": "block/wood/planks/slab/top/birch/15", "weight": 5 }
		],
        "type=double": [
			{ "model": "block/wood/planks/block/birch/0", "weight": 40 },
			
			{ "model": "block/wood/planks/block/birch/1", "weight": 30 },
			{ "model": "block/wood/planks/block/birch/2", "weight": 30 },
			{ "model": "block/wood/planks/block/birch/3", "weight": 30 },
			{ "model": "block/wood/planks/block/birch/4", "weight": 30 },
			
			{ "model": "block/wood/planks/block/birch/5", "weight": 10 },
			{ "model": "block/wood/planks/block/birch/6", "weight": 10 },
			{ "model": "block/wood/planks/block/birch/7", "weight": 10 },
			{ "model": "block/wood/planks/block/birch/8", "weight": 10 },
			{ "model": "block/wood/planks/block/birch/9", "weight": 10 },
			{ "model": "block/wood/planks/block/birch/10", "weight": 10 },
			
			{ "model": "block/wood/planks/block/birch/11", "weight": 10 },
			{ "model": "block/wood/planks/block/birch/12", "weight": 10 },
			{ "model": "block/wood/planks/block/birch/13", "weight": 10 },
			{ "model": "block/wood/planks/block/birch/14", "weight": 10 },
			
			{ "model": "block/wood/planks/block/birch/15", "weight": 5 }
        ]
    }
}

