{
"__comment":"Made by Know2Good, part of the 'Default 3D' resource pack || Official download page: http://www.planetminecraft.com/texture_pack/default-3d-2985741/ || © Know2Good. All rights reserved. ",
    "variants": {
        "": [
            { "model": "block/bookshelf", "weight": 600 },
			{ "model": "block/bookshelf_alt1", "weight": 45 },
            { "model": "block/bookshelf_alt2", "weight": 400 },
            { "model": "block/bookshelf_alt3", "weight": 200 },
            { "model": "block/bookshelf_alt4", "weight": 350 },
            { "model": "block/bookshelf_alt5", "weight": 450 }
        ]
    }
}
