{
"__comment":"Made by Know2Good, part of the 'Default 3D' resource pack || Official download page: http://www.planetminecraft.com/texture_pack/default-3d-2985741/ || © Know2Good. All rights reserved. ",
   "variants": {
        "facing=east,half=bottom,shape=straight":  		[{ "model": "block/brick_stairs_nd", "weight": 40 },
															{ "model": "block/brick_stairs_nd_alt1", "weight": 10 },
															{ "model": "block/brick_stairs_nd_alt2", "weight": 10 },
															{ "model": "block/brick_stairs_nd_alt3", "weight": 10 },
															{ "model": "block/brick_stairs_nd_alt4", "weight": 10 },
															{ "model": "block/brick_stairs_nd_alt5", "weight": 10 },
															{ "model": "block/brick_stairs_nd_alt6", "weight": 20 },
															{ "model": "block/brick_stairs_nd_alt7", "weight": 30 }],
        "facing=south,half=bottom,shape=straight":		[{ "model": "block/brick_stairs_ed", "weight": 40 },
															{ "model": "block/brick_stairs_ed_alt1", "weight": 10 },
															{ "model": "block/brick_stairs_ed_alt2", "weight": 10 },
															{ "model": "block/brick_stairs_ed_alt3", "weight": 10 },
															{ "model": "block/brick_stairs_ed_alt4", "weight": 10 },
															{ "model": "block/brick_stairs_ed_alt5", "weight": 10 },
															{ "model": "block/brick_stairs_ed_alt6", "weight": 20 },
															{ "model": "block/brick_stairs_ed_alt7", "weight": 30 }],
        "facing=west,half=bottom,shape=straight":  		[{ "model": "block/brick_stairs_sd", "weight": 40 },
															{ "model": "block/brick_stairs_sd_alt1", "weight": 10 },
															{ "model": "block/brick_stairs_sd_alt2", "weight": 10 },
															{ "model": "block/brick_stairs_sd_alt3", "weight": 10 },
															{ "model": "block/brick_stairs_sd_alt4", "weight": 10 },
															{ "model": "block/brick_stairs_sd_alt5", "weight": 10 },
															{ "model": "block/brick_stairs_sd_alt6", "weight": 20 },
															{ "model": "block/brick_stairs_sd_alt7", "weight": 30 }],
        "facing=north,half=bottom,shape=straight": 		[{ "model": "block/brick_stairs_wd", "weight": 40 },
															{ "model": "block/brick_stairs_wd_alt1", "weight": 10 },
															{ "model": "block/brick_stairs_wd_alt2", "weight": 10 },
															{ "model": "block/brick_stairs_wd_alt3", "weight": 10 },
															{ "model": "block/brick_stairs_wd_alt4", "weight": 10 },
															{ "model": "block/brick_stairs_wd_alt5", "weight": 10 },
															{ "model": "block/brick_stairs_wd_alt6", "weight": 20 },
															{ "model": "block/brick_stairs_wd_alt7", "weight": 30 }],
        "facing=east,half=bottom,shape=outer_right":  	[{ "model": "block/brick_outer_stairs_nd", "weight": 40 },
															{ "model": "block/brick_outer_stairs_nd_alt1", "weight": 10 },
															{ "model": "block/brick_outer_stairs_nd_alt2", "weight": 10 },
															{ "model": "block/brick_outer_stairs_nd_alt3", "weight": 10 },
															{ "model": "block/brick_outer_stairs_nd_alt4", "weight": 10 },
															{ "model": "block/brick_outer_stairs_nd_alt5", "weight": 10 },
															{ "model": "block/brick_outer_stairs_nd_alt6", "weight": 20 },
															{ "model": "block/brick_outer_stairs_nd_alt7", "weight": 30 }],
        "facing=south,half=bottom,shape=outer_right": 	[{ "model": "block/brick_outer_stairs_ed", "weight": 40 },
															{ "model": "block/brick_outer_stairs_ed_alt1", "weight": 10 },
															{ "model": "block/brick_outer_stairs_ed_alt2", "weight": 10 },
															{ "model": "block/brick_outer_stairs_ed_alt3", "weight": 10 },
															{ "model": "block/brick_outer_stairs_ed_alt4", "weight": 10 },
															{ "model": "block/brick_outer_stairs_ed_alt5", "weight": 10 },
															{ "model": "block/brick_outer_stairs_ed_alt6", "weight": 20 },
															{ "model": "block/brick_outer_stairs_ed_alt7", "weight": 30 }],
        "facing=west,half=bottom,shape=outer_right":  	[{ "model": "block/brick_outer_stairs_sd", "weight": 40 },
															{ "model": "block/brick_outer_stairs_sd_alt1", "weight": 10 },
															{ "model": "block/brick_outer_stairs_sd_alt2", "weight": 10 },
															{ "model": "block/brick_outer_stairs_sd_alt3", "weight": 10 },
															{ "model": "block/brick_outer_stairs_sd_alt4", "weight": 10 },
															{ "model": "block/brick_outer_stairs_sd_alt5", "weight": 10 },
															{ "model": "block/brick_outer_stairs_sd_alt6", "weight": 20 },
															{ "model": "block/brick_outer_stairs_sd_alt7", "weight": 30 }],
        "facing=north,half=bottom,shape=outer_right": 	[{ "model": "block/brick_outer_stairs_wd", "weight": 40 },
															{ "model": "block/brick_outer_stairs_wd_alt1", "weight": 10 },
															{ "model": "block/brick_outer_stairs_wd_alt2", "weight": 10 },
															{ "model": "block/brick_outer_stairs_wd_alt3", "weight": 10 },
															{ "model": "block/brick_outer_stairs_wd_alt4", "weight": 10 },
															{ "model": "block/brick_outer_stairs_wd_alt5", "weight": 10 },
															{ "model": "block/brick_outer_stairs_wd_alt6", "weight": 20 },
															{ "model": "block/brick_outer_stairs_wd_alt7", "weight": 30 }],
        "facing=east,half=bottom,shape=outer_left":  	[{ "model": "block/brick_outer_stairs_wd", "weight": 40 },
															{ "model": "block/brick_outer_stairs_wd_alt1", "weight": 10 },
															{ "model": "block/brick_outer_stairs_wd_alt2", "weight": 10 },
															{ "model": "block/brick_outer_stairs_wd_alt3", "weight": 10 },
															{ "model": "block/brick_outer_stairs_wd_alt4", "weight": 10 },
															{ "model": "block/brick_outer_stairs_wd_alt5", "weight": 10 },
															{ "model": "block/brick_outer_stairs_wd_alt6", "weight": 20 },
															{ "model": "block/brick_outer_stairs_wd_alt7", "weight": 30 }],
        "facing=south,half=bottom,shape=outer_left": 	[{ "model": "block/brick_outer_stairs_nd", "weight": 40 },
															{ "model": "block/brick_outer_stairs_nd_alt1", "weight": 10 },
															{ "model": "block/brick_outer_stairs_nd_alt2", "weight": 10 },
															{ "model": "block/brick_outer_stairs_nd_alt3", "weight": 10 },
															{ "model": "block/brick_outer_stairs_nd_alt4", "weight": 10 },
															{ "model": "block/brick_outer_stairs_nd_alt5", "weight": 10 },
															{ "model": "block/brick_outer_stairs_nd_alt6", "weight": 20 },
															{ "model": "block/brick_outer_stairs_nd_alt7", "weight": 30 }],
        "facing=west,half=bottom,shape=outer_left":  	[{ "model": "block/brick_outer_stairs_ed", "weight": 40 },
															{ "model": "block/brick_outer_stairs_ed_alt1", "weight": 10 },
															{ "model": "block/brick_outer_stairs_ed_alt2", "weight": 10 },
															{ "model": "block/brick_outer_stairs_ed_alt3", "weight": 10 },
															{ "model": "block/brick_outer_stairs_ed_alt4", "weight": 10 },
															{ "model": "block/brick_outer_stairs_ed_alt5", "weight": 10 },
															{ "model": "block/brick_outer_stairs_ed_alt6", "weight": 20 },
															{ "model": "block/brick_outer_stairs_ed_alt7", "weight": 30 }],
        "facing=north,half=bottom,shape=outer_left": 	[{ "model": "block/brick_outer_stairs_sd", "weight": 40 },
															{ "model": "block/brick_outer_stairs_sd_alt1", "weight": 10 },
															{ "model": "block/brick_outer_stairs_sd_alt2", "weight": 10 },
															{ "model": "block/brick_outer_stairs_sd_alt3", "weight": 10 },
															{ "model": "block/brick_outer_stairs_sd_alt4", "weight": 10 },
															{ "model": "block/brick_outer_stairs_sd_alt5", "weight": 10 },
															{ "model": "block/brick_outer_stairs_sd_alt6", "weight": 20 },
															{ "model": "block/brick_outer_stairs_sd_alt7", "weight": 30 }],
        "facing=east,half=bottom,shape=inner_right":  	[{ "model": "block/brick_inner_stairs_sd", "weight": 40 },
															{ "model": "block/brick_inner_stairs_sd_alt1", "weight": 10 },
															{ "model": "block/brick_inner_stairs_sd_alt2", "weight": 10 },
															{ "model": "block/brick_inner_stairs_sd_alt3", "weight": 10 },
															{ "model": "block/brick_inner_stairs_sd_alt4", "weight": 10 },
															{ "model": "block/brick_inner_stairs_sd_alt5", "weight": 10 },
															{ "model": "block/brick_inner_stairs_sd_alt6", "weight": 20 },
															{ "model": "block/brick_inner_stairs_sd_alt7", "weight": 30 }],
        "facing=south,half=bottom,shape=inner_right": 	[{ "model": "block/brick_inner_stairs_wd", "weight": 40 },
															{ "model": "block/brick_inner_stairs_wd_alt1", "weight": 10 },
															{ "model": "block/brick_inner_stairs_wd_alt2", "weight": 10 },
															{ "model": "block/brick_inner_stairs_wd_alt3", "weight": 10 },
															{ "model": "block/brick_inner_stairs_wd_alt4", "weight": 10 },
															{ "model": "block/brick_inner_stairs_wd_alt5", "weight": 10 },
															{ "model": "block/brick_inner_stairs_wd_alt6", "weight": 20 },
															{ "model": "block/brick_inner_stairs_wd_alt7", "weight": 30 }],
        "facing=west,half=bottom,shape=inner_right":  	[{ "model": "block/brick_inner_stairs_nd", "weight": 40 },
															{ "model": "block/brick_inner_stairs_nd_alt1", "weight": 10 },
															{ "model": "block/brick_inner_stairs_nd_alt2", "weight": 10 },
															{ "model": "block/brick_inner_stairs_nd_alt3", "weight": 10 },
															{ "model": "block/brick_inner_stairs_nd_alt4", "weight": 10 },
															{ "model": "block/brick_inner_stairs_nd_alt5", "weight": 10 },
															{ "model": "block/brick_inner_stairs_nd_alt6", "weight": 20 },
															{ "model": "block/brick_inner_stairs_nd_alt7", "weight": 30 }],
        "facing=north,half=bottom,shape=inner_right": 	[{ "model": "block/brick_inner_stairs_ed", "weight": 40 },
															{ "model": "block/brick_inner_stairs_ed_alt1", "weight": 10 },
															{ "model": "block/brick_inner_stairs_ed_alt2", "weight": 10 },
															{ "model": "block/brick_inner_stairs_ed_alt3", "weight": 10 },
															{ "model": "block/brick_inner_stairs_ed_alt4", "weight": 10 },
															{ "model": "block/brick_inner_stairs_ed_alt5", "weight": 10 },
															{ "model": "block/brick_inner_stairs_ed_alt6", "weight": 20 },
															{ "model": "block/brick_inner_stairs_ed_alt7", "weight": 30 }],
        "facing=east,half=bottom,shape=inner_left":  	[{ "model": "block/brick_inner_stairs_ed", "weight": 40 },
															{ "model": "block/brick_inner_stairs_ed_alt1", "weight": 10 },
															{ "model": "block/brick_inner_stairs_ed_alt2", "weight": 10 },
															{ "model": "block/brick_inner_stairs_ed_alt3", "weight": 10 },
															{ "model": "block/brick_inner_stairs_ed_alt4", "weight": 10 },
															{ "model": "block/brick_inner_stairs_ed_alt5", "weight": 10 },
															{ "model": "block/brick_inner_stairs_ed_alt6", "weight": 20 },
															{ "model": "block/brick_inner_stairs_ed_alt7", "weight": 30 }],
        "facing=south,half=bottom,shape=inner_left": 	[{ "model": "block/brick_inner_stairs_sd", "weight": 40 },
															{ "model": "block/brick_inner_stairs_sd_alt1", "weight": 10 },
															{ "model": "block/brick_inner_stairs_sd_alt2", "weight": 10 },
															{ "model": "block/brick_inner_stairs_sd_alt3", "weight": 10 },
															{ "model": "block/brick_inner_stairs_sd_alt4", "weight": 10 },
															{ "model": "block/brick_inner_stairs_sd_alt5", "weight": 10 },
															{ "model": "block/brick_inner_stairs_sd_alt6", "weight": 20 },
															{ "model": "block/brick_inner_stairs_sd_alt7", "weight": 30 }],
        "facing=west,half=bottom,shape=inner_left":  	[{ "model": "block/brick_inner_stairs_wd", "weight": 40 },
															{ "model": "block/brick_inner_stairs_wd_alt1", "weight": 10 },
															{ "model": "block/brick_inner_stairs_wd_alt2", "weight": 10 },
															{ "model": "block/brick_inner_stairs_wd_alt3", "weight": 10 },
															{ "model": "block/brick_inner_stairs_wd_alt4", "weight": 10 },
															{ "model": "block/brick_inner_stairs_wd_alt5", "weight": 10 },
															{ "model": "block/brick_inner_stairs_wd_alt6", "weight": 20 },
															{ "model": "block/brick_inner_stairs_wd_alt7", "weight": 30 }],
        "facing=north,half=bottom,shape=inner_left": 	[{ "model": "block/brick_inner_stairs_nd", "weight": 40 },
															{ "model": "block/brick_inner_stairs_nd_alt1", "weight": 10 },
															{ "model": "block/brick_inner_stairs_nd_alt2", "weight": 10 },
															{ "model": "block/brick_inner_stairs_nd_alt3", "weight": 10 },
															{ "model": "block/brick_inner_stairs_nd_alt4", "weight": 10 },
															{ "model": "block/brick_inner_stairs_nd_alt5", "weight": 10 },
															{ "model": "block/brick_inner_stairs_nd_alt6", "weight": 20 },
															{ "model": "block/brick_inner_stairs_nd_alt7", "weight": 30 }],
															
															
        "facing=east,half=top,shape=straight":  		[{ "model": "block/brick_stairs_nu", "weight": 40 },
															{ "model": "block/brick_stairs_nu_alt1", "weight": 10 },
															{ "model": "block/brick_stairs_nu_alt2", "weight": 10 },
															{ "model": "block/brick_stairs_nu_alt3", "weight": 10 },
															{ "model": "block/brick_stairs_nu_alt4", "weight": 10 },
															{ "model": "block/brick_stairs_nu_alt5", "weight": 10 },
															{ "model": "block/brick_stairs_nu_alt6", "weight": 20 },
															{ "model": "block/brick_stairs_nu_alt7", "weight": 30 }],
        "facing=south,half=top,shape=straight":			[{ "model": "block/brick_stairs_eu", "weight": 40 },
															{ "model": "block/brick_stairs_eu_alt1", "weight": 10 },
															{ "model": "block/brick_stairs_eu_alt2", "weight": 10 },
															{ "model": "block/brick_stairs_eu_alt3", "weight": 10 },
															{ "model": "block/brick_stairs_eu_alt4", "weight": 10 },
															{ "model": "block/brick_stairs_eu_alt5", "weight": 10 },
															{ "model": "block/brick_stairs_eu_alt6", "weight": 20 },
															{ "model": "block/brick_stairs_eu_alt7", "weight": 30 }],
        "facing=west,half=top,shape=straight":  		[{ "model": "block/brick_stairs_su", "weight": 40 },
															{ "model": "block/brick_stairs_su_alt1", "weight": 10 },
															{ "model": "block/brick_stairs_su_alt2", "weight": 10 },
															{ "model": "block/brick_stairs_su_alt3", "weight": 10 },
															{ "model": "block/brick_stairs_su_alt4", "weight": 10 },
															{ "model": "block/brick_stairs_su_alt5", "weight": 10 },
															{ "model": "block/brick_stairs_su_alt6", "weight": 20 },
															{ "model": "block/brick_stairs_su_alt7", "weight": 30 }],
        "facing=north,half=top,shape=straight": 		[{ "model": "block/brick_stairs_wu", "weight": 40 },
															{ "model": "block/brick_stairs_wu_alt1", "weight": 10 },
															{ "model": "block/brick_stairs_wu_alt2", "weight": 10 },
															{ "model": "block/brick_stairs_wu_alt3", "weight": 10 },
															{ "model": "block/brick_stairs_wu_alt4", "weight": 10 },
															{ "model": "block/brick_stairs_wu_alt5", "weight": 10 },
															{ "model": "block/brick_stairs_wu_alt6", "weight": 20 },
															{ "model": "block/brick_stairs_wu_alt7", "weight": 30 }],
        "facing=east,half=top,shape=outer_right":  		[{ "model": "block/brick_outer_stairs_nu", "weight": 40 },
															{ "model": "block/brick_outer_stairs_nu_alt1", "weight": 10 },
															{ "model": "block/brick_outer_stairs_nu_alt2", "weight": 10 },
															{ "model": "block/brick_outer_stairs_nu_alt3", "weight": 10 },
															{ "model": "block/brick_outer_stairs_nu_alt4", "weight": 10 },
															{ "model": "block/brick_outer_stairs_nu_alt5", "weight": 10 },
															{ "model": "block/brick_outer_stairs_nu_alt6", "weight": 20 },
															{ "model": "block/brick_outer_stairs_nu_alt7", "weight": 30 }],
        "facing=south,half=top,shape=outer_right": 		[{ "model": "block/brick_outer_stairs_eu", "weight": 40 },
															{ "model": "block/brick_outer_stairs_eu_alt1", "weight": 10 },
															{ "model": "block/brick_outer_stairs_eu_alt2", "weight": 10 },
															{ "model": "block/brick_outer_stairs_eu_alt3", "weight": 10 },
															{ "model": "block/brick_outer_stairs_eu_alt4", "weight": 10 },
															{ "model": "block/brick_outer_stairs_eu_alt5", "weight": 10 },
															{ "model": "block/brick_outer_stairs_eu_alt6", "weight": 20 },
															{ "model": "block/brick_outer_stairs_eu_alt7", "weight": 30 }],
        "facing=west,half=top,shape=outer_right":  		[{ "model": "block/brick_outer_stairs_su", "weight": 40 },
															{ "model": "block/brick_outer_stairs_su_alt1", "weight": 10 },
															{ "model": "block/brick_outer_stairs_su_alt2", "weight": 10 },
															{ "model": "block/brick_outer_stairs_su_alt3", "weight": 10 },
															{ "model": "block/brick_outer_stairs_su_alt4", "weight": 10 },
															{ "model": "block/brick_outer_stairs_su_alt5", "weight": 10 },
															{ "model": "block/brick_outer_stairs_su_alt6", "weight": 20 },
															{ "model": "block/brick_outer_stairs_su_alt7", "weight": 30 }],
        "facing=north,half=top,shape=outer_right": 		[{ "model": "block/brick_outer_stairs_wu", "weight": 40 },
															{ "model": "block/brick_outer_stairs_wu_alt1", "weight": 10 },
															{ "model": "block/brick_outer_stairs_wu_alt2", "weight": 10 },
															{ "model": "block/brick_outer_stairs_wu_alt3", "weight": 10 },
															{ "model": "block/brick_outer_stairs_wu_alt4", "weight": 10 },
															{ "model": "block/brick_outer_stairs_wu_alt5", "weight": 10 },
															{ "model": "block/brick_outer_stairs_wu_alt6", "weight": 20 },
															{ "model": "block/brick_outer_stairs_wu_alt7", "weight": 30 }],
        "facing=east,half=top,shape=outer_left":  		[{ "model": "block/brick_outer_stairs_wu", "weight": 40 },
															{ "model": "block/brick_outer_stairs_wu_alt1", "weight": 10 },
															{ "model": "block/brick_outer_stairs_wu_alt2", "weight": 10 },
															{ "model": "block/brick_outer_stairs_wu_alt3", "weight": 10 },
															{ "model": "block/brick_outer_stairs_wu_alt4", "weight": 10 },
															{ "model": "block/brick_outer_stairs_wu_alt5", "weight": 10 },
															{ "model": "block/brick_outer_stairs_wu_alt6", "weight": 20 },
															{ "model": "block/brick_outer_stairs_wu_alt7", "weight": 30 }],
        "facing=south,half=top,shape=outer_left": 		[{ "model": "block/brick_outer_stairs_nu", "weight": 40 },
															{ "model": "block/brick_outer_stairs_nu_alt1", "weight": 10 },
															{ "model": "block/brick_outer_stairs_nu_alt2", "weight": 10 },
															{ "model": "block/brick_outer_stairs_nu_alt3", "weight": 10 },
															{ "model": "block/brick_outer_stairs_nu_alt4", "weight": 10 },
															{ "model": "block/brick_outer_stairs_nu_alt5", "weight": 10 },
															{ "model": "block/brick_outer_stairs_nu_alt6", "weight": 20 },
															{ "model": "block/brick_outer_stairs_nu_alt7", "weight": 30 }],
        "facing=west,half=top,shape=outer_left":  		[{ "model": "block/brick_outer_stairs_eu", "weight": 40 },
															{ "model": "block/brick_outer_stairs_eu_alt1", "weight": 10 },
															{ "model": "block/brick_outer_stairs_eu_alt2", "weight": 10 },
															{ "model": "block/brick_outer_stairs_eu_alt3", "weight": 10 },
															{ "model": "block/brick_outer_stairs_eu_alt4", "weight": 10 },
															{ "model": "block/brick_outer_stairs_eu_alt5", "weight": 10 },
															{ "model": "block/brick_outer_stairs_eu_alt6", "weight": 20 },
															{ "model": "block/brick_outer_stairs_eu_alt7", "weight": 30 }],
        "facing=north,half=top,shape=outer_left": 		[{ "model": "block/brick_outer_stairs_su", "weight": 40 },
															{ "model": "block/brick_outer_stairs_su_alt1", "weight": 10 },
															{ "model": "block/brick_outer_stairs_su_alt2", "weight": 10 },
															{ "model": "block/brick_outer_stairs_su_alt3", "weight": 10 },
															{ "model": "block/brick_outer_stairs_su_alt4", "weight": 10 },
															{ "model": "block/brick_outer_stairs_su_alt5", "weight": 10 },
															{ "model": "block/brick_outer_stairs_su_alt6", "weight": 20 },
															{ "model": "block/brick_outer_stairs_su_alt7", "weight": 30 }],
        "facing=east,half=top,shape=inner_right":  		[{ "model": "block/brick_inner_stairs_eu", "weight": 40 },
															{ "model": "block/brick_inner_stairs_eu_alt1", "weight": 10 },
															{ "model": "block/brick_inner_stairs_eu_alt2", "weight": 10 },
															{ "model": "block/brick_inner_stairs_eu_alt3", "weight": 10 },
															{ "model": "block/brick_inner_stairs_eu_alt4", "weight": 10 },
															{ "model": "block/brick_inner_stairs_eu_alt5", "weight": 10 },
															{ "model": "block/brick_inner_stairs_eu_alt6", "weight": 20 },
															{ "model": "block/brick_inner_stairs_eu_alt7", "weight": 30 }],
        "facing=south,half=top,shape=inner_right": 		[{ "model": "block/brick_inner_stairs_su", "weight": 40 },
															{ "model": "block/brick_inner_stairs_su_alt1", "weight": 10 },
															{ "model": "block/brick_inner_stairs_su_alt2", "weight": 10 },
															{ "model": "block/brick_inner_stairs_su_alt3", "weight": 10 },
															{ "model": "block/brick_inner_stairs_su_alt4", "weight": 10 },
															{ "model": "block/brick_inner_stairs_su_alt5", "weight": 10 },
															{ "model": "block/brick_inner_stairs_su_alt6", "weight": 20 },
															{ "model": "block/brick_inner_stairs_su_alt7", "weight": 30 }],
        "facing=west,half=top,shape=inner_right":  		[{ "model": "block/brick_inner_stairs_wu", "weight": 40 },
															{ "model": "block/brick_inner_stairs_wu_alt1", "weight": 10 },
															{ "model": "block/brick_inner_stairs_wu_alt2", "weight": 10 },
															{ "model": "block/brick_inner_stairs_wu_alt3", "weight": 10 },
															{ "model": "block/brick_inner_stairs_wu_alt4", "weight": 10 },
															{ "model": "block/brick_inner_stairs_wu_alt5", "weight": 10 },
															{ "model": "block/brick_inner_stairs_wu_alt6", "weight": 20 },
															{ "model": "block/brick_inner_stairs_wu_alt7", "weight": 30 }],
        "facing=north,half=top,shape=inner_right": 		[{ "model": "block/brick_inner_stairs_nu", "weight": 40 },
															{ "model": "block/brick_inner_stairs_nu_alt1", "weight": 10 },
															{ "model": "block/brick_inner_stairs_nu_alt2", "weight": 10 },
															{ "model": "block/brick_inner_stairs_nu_alt3", "weight": 10 },
															{ "model": "block/brick_inner_stairs_nu_alt4", "weight": 10 },
															{ "model": "block/brick_inner_stairs_nu_alt5", "weight": 10 },
															{ "model": "block/brick_inner_stairs_nu_alt6", "weight": 20 },
															{ "model": "block/brick_inner_stairs_nu_alt7", "weight": 30 }],
        "facing=east,half=top,shape=inner_left":  		[{ "model": "block/brick_inner_stairs_nu", "weight": 40 },
															{ "model": "block/brick_inner_stairs_nu_alt1", "weight": 10 },
															{ "model": "block/brick_inner_stairs_nu_alt2", "weight": 10 },
															{ "model": "block/brick_inner_stairs_nu_alt3", "weight": 10 },
															{ "model": "block/brick_inner_stairs_nu_alt4", "weight": 10 },
															{ "model": "block/brick_inner_stairs_nu_alt5", "weight": 10 },
															{ "model": "block/brick_inner_stairs_nu_alt6", "weight": 20 },
															{ "model": "block/brick_inner_stairs_nu_alt7", "weight": 30 }],
        "facing=south,half=top,shape=inner_left": 		[{ "model": "block/brick_inner_stairs_eu", "weight": 40 },
															{ "model": "block/brick_inner_stairs_eu_alt1", "weight": 10 },
															{ "model": "block/brick_inner_stairs_eu_alt2", "weight": 10 },
															{ "model": "block/brick_inner_stairs_eu_alt3", "weight": 10 },
															{ "model": "block/brick_inner_stairs_eu_alt4", "weight": 10 },
															{ "model": "block/brick_inner_stairs_eu_alt5", "weight": 10 },
															{ "model": "block/brick_inner_stairs_eu_alt6", "weight": 20 },
															{ "model": "block/brick_inner_stairs_eu_alt7", "weight": 30 }],
        "facing=west,half=top,shape=inner_left":  		[{ "model": "block/brick_inner_stairs_su", "weight": 40 },
															{ "model": "block/brick_inner_stairs_su_alt1", "weight": 10 },
															{ "model": "block/brick_inner_stairs_su_alt2", "weight": 10 },
															{ "model": "block/brick_inner_stairs_su_alt3", "weight": 10 },
															{ "model": "block/brick_inner_stairs_su_alt4", "weight": 10 },
															{ "model": "block/brick_inner_stairs_su_alt5", "weight": 10 },
															{ "model": "block/brick_inner_stairs_su_alt6", "weight": 20 },
															{ "model": "block/brick_inner_stairs_su_alt7", "weight": 30 }],
        "facing=north,half=top,shape=inner_left": 		[{ "model": "block/brick_inner_stairs_wu", "weight": 40 },
															{ "model": "block/brick_inner_stairs_wu_alt1", "weight": 10 },
															{ "model": "block/brick_inner_stairs_wu_alt2", "weight": 10 },
															{ "model": "block/brick_inner_stairs_wu_alt3", "weight": 10 },
															{ "model": "block/brick_inner_stairs_wu_alt4", "weight": 10 },
															{ "model": "block/brick_inner_stairs_wu_alt5", "weight": 10 },
															{ "model": "block/brick_inner_stairs_wu_alt6", "weight": 20 },
															{ "model": "block/brick_inner_stairs_wu_alt7", "weight": 30 }]
    }
}
