{
"__comment":"Made by Know2Good, part of the 'Default 3D™' resource pack || Official download page: http://www.planetminecraft.com/texture_pack/default-3d-2985741/ || © Know2Good. All rights reserved. ",
    "variants": {
        "": [
            { "model": "block/bricks", "weight": 40 },
			
			{ "model": "block/bricks_alt1", "weight": 10 },
			{ "model": "block/bricks_alt2", "weight": 10 },
			{ "model": "block/bricks_alt3", "weight": 10 },
			{ "model": "block/bricks_alt4", "weight": 10 },
			{ "model": "block/bricks_alt5", "weight": 10 },
			
			{ "model": "block/bricks_alt6", "weight": 20 },
			
			{ "model": "block/bricks_alt7", "weight": 30 }
        ]
    }
}

