{
"__comment":"Made by Know2Good, part of the 'Default 3D' resource pack || Official download page: http://www.planetminecraft.com/texture_pack/default-3d-2985741/ || © Know2Good. All rights reserved. ",
    "variants": {
       "": [{ "model": "block/clay", "weight": 59 },
            { "model": "block/clay", "y": 90, "weight": 62 },
            { "model": "block/clay", "y": 180, "weight": 60 },
			{ "model": "block/clay", "y": 270, "weight": 61 },
			
			{ "model": "block/clay_alt1", "weight": 59 },
            { "model": "block/clay_alt1", "y": 90, "weight": 62 },
            { "model": "block/clay_alt1", "y": 180, "weight": 60 },
			{ "model": "block/clay_alt1", "y": 270, "weight": 61 },
			
			{ "model": "block/clay_alt2", "weight": 59 },
            { "model": "block/clay_alt2", "y": 90, "weight": 62 },
            { "model": "block/clay_alt2", "y": 180, "weight": 60 },
			{ "model": "block/clay_alt2", "y": 270, "weight": 61 },
			
			{ "model": "block/clay_alt3", "weight": 59 },
            { "model": "block/clay_alt3", "y": 90, "weight": 62 },
            { "model": "block/clay_alt3", "y": 180, "weight": 60 },
			{ "model": "block/clay_alt3", "y": 270, "weight": 61 },
			
			{ "model": "block/clay_alt4", "weight": 59 },
            { "model": "block/clay_alt4", "y": 90, "weight": 62 },
            { "model": "block/clay_alt4", "y": 180, "weight": 60 },
			{ "model": "block/clay_alt4", "y": 270, "weight": 61 },
			
			{ "model": "block/clay_alt5", "weight": 59 },
            { "model": "block/clay_alt5", "y": 90, "weight": 62 },
            { "model": "block/clay_alt5", "y": 180, "weight": 60 },
			{ "model": "block/clay_alt5", "y": 270, "weight": 61 },
			
			{ "model": "block/clay_alt6", "weight": 59 },
            { "model": "block/clay_alt6", "y": 90, "weight": 62 },
            { "model": "block/clay_alt6", "y": 180, "weight": 60 },
			{ "model": "block/clay_alt6", "y": 270, "weight": 61 },
			
			{ "model": "block/clay_alt7", "weight": 59 },
            { "model": "block/clay_alt7", "y": 90, "weight": 62 },
            { "model": "block/clay_alt7", "y": 180, "weight": 60 },
			{ "model": "block/clay_alt7", "y": 270, "weight": 61 },
			
			{ "model": "block/clay_alt8", "weight": 59 },
            { "model": "block/clay_alt8", "y": 90, "weight": 62 },
            { "model": "block/clay_alt8", "y": 180, "weight": 60 },
			{ "model": "block/clay_alt8", "y": 270, "weight": 61 },
			
			{ "model": "block/clay_alt9", "weight": 59 },
            { "model": "block/clay_alt9", "y": 90, "weight": 62 },
            { "model": "block/clay_alt9", "y": 180, "weight": 60 },
			{ "model": "block/clay_alt9", "y": 270, "weight": 61 },
			
			{ "model": "block/clay_alt10", "weight": 59 },
            { "model": "block/clay_alt10", "y": 90, "weight": 62 },
            { "model": "block/clay_alt10", "y": 180, "weight": 60 },
			{ "model": "block/clay_alt10", "y": 270, "weight": 61 },
			
			{ "model": "block/clay_alt11", "weight": 59 },
            { "model": "block/clay_alt11", "y": 90, "weight": 62 },
            { "model": "block/clay_alt11", "y": 180, "weight": 60 },
			{ "model": "block/clay_alt11", "y": 270, "weight": 61 },
			
			{ "model": "block/clay_alt12", "weight": 59 },
            { "model": "block/clay_alt12", "y": 90, "weight": 62 },
            { "model": "block/clay_alt12", "y": 180, "weight": 60 },
			{ "model": "block/clay_alt12", "y": 270, "weight": 61 },
			
			{ "model": "block/clay_alt13", "weight": 59 },
            { "model": "block/clay_alt13", "y": 90, "weight": 62 },
            { "model": "block/clay_alt13", "y": 180, "weight": 60 },
			{ "model": "block/clay_alt13", "y": 270, "weight": 61 }
		]
    }
}



