{
"__comment":"Made by Know2Good, part of the 'Default 3D' resource pack || Official download page: http://www.planetminecraft.com/texture_pack/default-3d-2985741/ || © Know2Good. All rights reserved. ",
    "variants": {
        "": [
            { "model": "block/end_stone", "weight": 45 },
            { "model": "block/end_stone", "y": 180, "weight": 45 },
			
			{ "model": "block/end_stone_alt1", "weight": 45 },
            { "model": "block/end_stone_alt1", "y": 180, "weight": 45 },
			
			{ "model": "block/end_stone_alt2", "weight": 45 },
            { "model": "block/end_stone_alt2", "y": 180, "weight": 45 },
			
			{ "model": "block/end_stone_alt3", "weight": 45 },
            { "model": "block/end_stone_alt3", "y": 180, "weight": 45 },
			
			{ "model": "block/end_stone_alt4", "weight": 45 },
            { "model": "block/end_stone_alt4", "y": 180, "weight": 45 },
			
			{ "model": "block/end_stone_alt5", "weight": 45 },
            { "model": "block/end_stone_alt5", "y": 180, "weight": 45 },

            { "model": "block/end_stone_alt6", "weight": 45 },
            { "model": "block/end_stone_alt6", "y": 180, "weight": 45 },
			
			{ "model": "block/end_stone_alt7", "weight": 45 },
            { "model": "block/end_stone_alt7", "y": 180, "weight": 45 },
			
			{ "model": "block/end_stone_alt8", "weight": 45 },
            { "model": "block/end_stone_alt8", "y": 180, "weight": 45 },
			
			{ "model": "block/end_stone_alt9", "weight": 45 },
            { "model": "block/end_stone_alt9", "y": 180, "weight": 45 },
			
			{ "model": "block/end_stone_alt10", "weight": 45 },
            { "model": "block/end_stone_alt10", "y": 180, "weight": 45 },
			
			{ "model": "block/end_stone_alt11", "weight": 45 },
            { "model": "block/end_stone_alt11", "y": 180, "weight": 45 },
			
            { "model": "block/end_stone_alt12", "weight": 45 },
            { "model": "block/end_stone_alt12", "y": 180, "weight": 45 },
			
			{ "model": "block/end_stone_alt13", "weight": 1 },
            { "model": "block/end_stone_alt13", "y": 180, "weight": 1 },
			
			{ "model": "block/end_stone_pebble_1", "weight": 3 },
			{ "model": "block/end_stone_pebble_1", "y": 90, "weight": 3 },
			{ "model": "block/end_stone_pebble_1", "y": 180,"weight": 3 },
			{ "model": "block/end_stone_pebble_1", "y": 270,"weight": 3 },
			{ "model": "block/end_stone_pebble_2", "weight": 3 },
			{ "model": "block/end_stone_pebble_2", "y": 90, "weight": 3 },
			{ "model": "block/end_stone_pebble_2", "y": 180,"weight": 3 },
			{ "model": "block/end_stone_pebble_2", "y": 270,"weight": 3 },
			{ "model": "block/end_stone_pebble_3", "weight": 3 },
			{ "model": "block/end_stone_pebble_3", "y": 90, "weight": 3 },
			{ "model": "block/end_stone_pebble_3", "y": 180,"weight": 3 },
			{ "model": "block/end_stone_pebble_3", "y": 270,"weight": 3 },
			{ "model": "block/end_stone_pebble_4", "weight": 3 },
			{ "model": "block/end_stone_pebble_4", "y": 90, "weight": 3 },
			{ "model": "block/end_stone_pebble_4", "y": 180,"weight": 3 },
			{ "model": "block/end_stone_pebble_4", "y": 270,"weight": 3 },
			
            { "model": "block/end_stone_sparkle_1", "weight": 2 },
			{ "model": "block/end_stone_sparkle_2", "weight": 2 },
			{ "model": "block/end_stone_sparkle_3", "weight": 1 },
			{ "model": "block/end_stone_sparkle_4", "weight": 1 },
			{ "model": "block/end_stone_sparkle_5", "weight": 1 },
			{ "model": "block/end_stone_sparkle_6", "weight": 1 },
			{ "model": "block/end_stone_sparkle_7", "weight": 1 },
            { "model": "block/end_stone_sparkle_8", "weight": 1 }
        ]
    }
}
