{
"__comment":"Made by Know2Good, part of the 'Default 3D' resource pack || Official download page: http://www.planetminecraft.com/texture_pack/default-3d-2985741/ || © Know2Good. All rights reserved. ",
    "variants": {
        "": [
            { "model": "block/lime_wool", "weight": 8 },
            { "model": "block/lime_wool", "x": 90, "weight": 11 },
			{ "model": "block/lime_wool", "y": 90, "weight": 11 },
            { "model": "block/lime_wool", "x": 180, "weight": 9 },
			{ "model": "block/lime_wool", "y": 180, "weight": 9 },
			{ "model": "block/lime_wool", "x": 270, "weight": 10 },
			{ "model": "block/lime_wool", "y": 270, "weight": 10 },
			
            { "model": "block/lime_wool_alt1", "weight": 8 },
            { "model": "block/lime_wool_alt1", "x": 90, "weight": 11 },
			{ "model": "block/lime_wool_alt1", "y": 90, "weight": 11 },
            { "model": "block/lime_wool_alt1", "x": 180, "weight": 9 },
			{ "model": "block/lime_wool_alt1", "y": 180, "weight": 9 },
			{ "model": "block/lime_wool_alt1", "x": 270, "weight": 10 },
			{ "model": "block/lime_wool_alt1", "y": 270, "weight": 10 },
			
            { "model": "block/lime_wool_alt2", "weight": 8 },
            { "model": "block/lime_wool_alt2", "x": 90, "weight": 11 },
			{ "model": "block/lime_wool_alt2", "y": 90, "weight": 11 },
            { "model": "block/lime_wool_alt2", "x": 180, "weight": 9 },
			{ "model": "block/lime_wool_alt2", "y": 180, "weight": 9 },
			{ "model": "block/lime_wool_alt2", "x": 270, "weight": 10 },
			{ "model": "block/lime_wool_alt2", "y": 270, "weight": 10 },
			
            { "model": "block/lime_wool_alt3", "weight": 8 },
            { "model": "block/lime_wool_alt3", "x": 90, "weight": 11 },
			{ "model": "block/lime_wool_alt3", "y": 90, "weight": 11 },
            { "model": "block/lime_wool_alt3", "x": 180, "weight": 9 },
			{ "model": "block/lime_wool_alt3", "y": 180, "weight": 9 },
			{ "model": "block/lime_wool_alt3", "x": 270, "weight": 10 },
			{ "model": "block/lime_wool_alt3", "y": 270, "weight": 10 },
			
            { "model": "block/lime_wool_alt4", "weight": 8 },
            { "model": "block/lime_wool_alt4", "x": 90, "weight": 11 },
			{ "model": "block/lime_wool_alt4", "y": 90, "weight": 11 },
            { "model": "block/lime_wool_alt4", "x": 180, "weight": 9 },
			{ "model": "block/lime_wool_alt4", "y": 180, "weight": 9 },
			{ "model": "block/lime_wool_alt4", "x": 270, "weight": 10 },
			{ "model": "block/lime_wool_alt4", "y": 270, "weight": 10 },
			
            { "model": "block/lime_wool_alt5", "weight": 8 },
            { "model": "block/lime_wool_alt5", "x": 90, "weight": 11 },
			{ "model": "block/lime_wool_alt5", "y": 90, "weight": 11 },
            { "model": "block/lime_wool_alt5", "x": 180, "weight": 9 },
			{ "model": "block/lime_wool_alt5", "y": 180, "weight": 9 },
			{ "model": "block/lime_wool_alt5", "x": 270, "weight": 10 },
			{ "model": "block/lime_wool_alt5", "y": 270, "weight": 10 }
        ]
    }
}

