{
"__comment":"Made by Know2Good, part of the 'Default 3D' resource pack || Official download page: http://www.planetminecraft.com/texture_pack/default-3d-2985741/ || © Know2Good. All rights reserved. ",
    "variants": {
        "": [{ "model": "block/wood/bark/oak/0", "weight": 10 },
							{ "model": "block/wood/bark/oak/0", "x": 180, "weight": 10 },
							{ "model": "block/wood/bark/oak/0", "y": 90, "weight": 10 },
							{ "model": "block/wood/bark/oak/0", "y": 90, "x": 180, "weight": 10 },
							{ "model": "block/wood/bark/oak/1", "weight": 10 },
							{ "model": "block/wood/bark/oak/1", "x": 180, "weight": 10 },
							{ "model": "block/wood/bark/oak/1", "y": 90, "weight": 10 },
							{ "model": "block/wood/bark/oak/1", "y": 90, "x": 180, "weight": 10 },
							{ "model": "block/wood/bark/oak/2", "weight": 10 },
							{ "model": "block/wood/bark/oak/2", "x": 180, "weight": 10 },
							{ "model": "block/wood/bark/oak/2", "y": 90, "weight": 10 },
							{ "model": "block/wood/bark/oak/2", "y": 90, "x": 180, "weight": 10 },
							{ "model": "block/wood/bark/oak/3", "weight": 10 },
							{ "model": "block/wood/bark/oak/3", "x": 180, "weight": 10 },
							{ "model": "block/wood/bark/oak/3", "y": 90, "weight": 10 },
							{ "model": "block/wood/bark/oak/3", "y": 90, "x": 180, "weight": 10 },
							{ "model": "block/wood/bark/oak/4", "weight": 10 },
							{ "model": "block/wood/bark/oak/4", "x": 180, "weight": 10 },
							{ "model": "block/wood/bark/oak/4", "y": 90, "weight": 10 },
							{ "model": "block/wood/bark/oak/4", "y": 90, "x": 180, "weight": 10 },
							{ "model": "block/wood/bark/oak/5", "weight": 10 },
							{ "model": "block/wood/bark/oak/5", "x": 180, "weight": 10 },
							{ "model": "block/wood/bark/oak/5", "y": 90, "weight": 10 },
							{ "model": "block/wood/bark/oak/5", "y": 90, "x": 180, "weight": 10 },
							{ "model": "block/wood/bark/oak/6", "weight": 10 },
							{ "model": "block/wood/bark/oak/6", "x": 180, "weight": 10 },
							{ "model": "block/wood/bark/oak/6", "y": 90, "weight": 10 },
							{ "model": "block/wood/bark/oak/6", "y": 90, "x": 180, "weight": 10 },
							{ "model": "block/wood/bark/oak/7", "weight": 10 },
							{ "model": "block/wood/bark/oak/7", "x": 180, "weight": 10 },
							{ "model": "block/wood/bark/oak/7", "y": 90, "weight": 10 },
							{ "model": "block/wood/bark/oak/7", "y": 90, "x": 180, "weight": 10 },
							{ "model": "block/wood/bark/oak/8", "weight": 10 },
							{ "model": "block/wood/bark/oak/8", "x": 180, "weight": 10 },
							{ "model": "block/wood/bark/oak/8", "y": 90, "weight": 10 },
							{ "model": "block/wood/bark/oak/8", "y": 90, "x": 180, "weight": 10 },
							{ "model": "block/wood/bark/oak/9", "weight": 10 },
							{ "model": "block/wood/bark/oak/9", "x": 180, "weight": 10 },
							{ "model": "block/wood/bark/oak/9", "y": 90, "weight": 10 },
							{ "model": "block/wood/bark/oak/9", "y": 90, "x": 180, "weight": 10 },
							{ "model": "block/wood/bark/oak/10", "weight": 10 },
							{ "model": "block/wood/bark/oak/10", "x": 180, "weight": 10 },
							{ "model": "block/wood/bark/oak/10", "y": 90, "weight": 10 },
							{ "model": "block/wood/bark/oak/10", "y": 90, "x": 180, "weight": 10 },
							{ "model": "block/wood/bark/oak/11", "weight": 10 },
							{ "model": "block/wood/bark/oak/11", "x": 180, "weight": 10 },
							{ "model": "block/wood/bark/oak/11", "y": 90, "weight": 10 },
							{ "model": "block/wood/bark/oak/11", "y": 90, "x": 180, "weight": 10 },
							{ "model": "block/wood/bark/oak/12", "weight": 10 },
							{ "model": "block/wood/bark/oak/12", "x": 180, "weight": 10 },
							{ "model": "block/wood/bark/oak/12", "y": 90, "weight": 10 },
							{ "model": "block/wood/bark/oak/12", "y": 90, "x": 180, "weight": 10 },
							{ "model": "block/wood/bark/oak/13", "weight": 10 },
							{ "model": "block/wood/bark/oak/13", "x": 180, "weight": 10 },
							{ "model": "block/wood/bark/oak/13", "y": 90, "weight": 10 },
							{ "model": "block/wood/bark/oak/13", "y": 90, "x": 180, "weight": 10 }
        ]
    }
}

