{
"__comment":"Made by Know2Good, part of the 'Default 3D' resource pack || Official download page: http://www.planetminecraft.com/texture_pack/default-3d-2985741/ || © Know2Good. All rights reserved. ",
    "variants": {
        "axis=y":  		[{ "model": "block/wood/log/block/spruce/0", "weight": 10 },
							{ "model": "block/wood/log/block/spruce/0", "x": 180, "weight": 10 },
							{ "model": "block/wood/log/block/spruce/0", "y": 90, "weight": 10 },
							{ "model": "block/wood/log/block/spruce/0", "y": 90, "x": 180, "weight": 10 },
							{ "model": "block/wood/log/block/spruce/1", "weight": 10 },
							{ "model": "block/wood/log/block/spruce/1", "x": 180, "weight": 10 },
							{ "model": "block/wood/log/block/spruce/1", "y": 90, "weight": 10 },
							{ "model": "block/wood/log/block/spruce/1", "y": 90, "x": 180, "weight": 10 },
							{ "model": "block/wood/log/block/spruce/2", "weight": 10 },
							{ "model": "block/wood/log/block/spruce/2", "x": 180, "weight": 10 },
							{ "model": "block/wood/log/block/spruce/2", "y": 90, "weight": 10 },
							{ "model": "block/wood/log/block/spruce/2", "y": 90, "x": 180, "weight": 10 },
							{ "model": "block/wood/log/block/spruce/3", "weight": 10 },
							{ "model": "block/wood/log/block/spruce/3", "x": 180, "weight": 10 },
							{ "model": "block/wood/log/block/spruce/3", "y": 90, "weight": 10 },
							{ "model": "block/wood/log/block/spruce/3", "y": 90, "x": 180, "weight": 10 },
							{ "model": "block/wood/log/block/spruce/4", "weight": 10 },
							{ "model": "block/wood/log/block/spruce/4", "x": 180, "weight": 10 },
							{ "model": "block/wood/log/block/spruce/4", "y": 90, "weight": 10 },
							{ "model": "block/wood/log/block/spruce/4", "y": 90, "x": 180, "weight": 10 },
							{ "model": "block/wood/log/block/spruce/5", "weight": 10 },
							{ "model": "block/wood/log/block/spruce/5", "x": 180, "weight": 10 },
							{ "model": "block/wood/log/block/spruce/5", "y": 90, "weight": 10 },
							{ "model": "block/wood/log/block/spruce/5", "y": 90, "x": 180, "weight": 10 },
							{ "model": "block/wood/log/block/spruce/6", "weight": 10 },
							{ "model": "block/wood/log/block/spruce/6", "x": 180, "weight": 10 },
							{ "model": "block/wood/log/block/spruce/6", "y": 90, "weight": 10 },
							{ "model": "block/wood/log/block/spruce/6", "y": 90, "x": 180, "weight": 10 },
							{ "model": "block/wood/log/block/spruce/7", "weight": 10 },
							{ "model": "block/wood/log/block/spruce/7", "x": 180, "weight": 10 },
							{ "model": "block/wood/log/block/spruce/7", "y": 90, "weight": 10 },
							{ "model": "block/wood/log/block/spruce/7", "y": 90, "x": 180, "weight": 10 },
							{ "model": "block/wood/log/block/spruce/8", "weight": 10 },
							{ "model": "block/wood/log/block/spruce/8", "x": 180, "weight": 10 },
							{ "model": "block/wood/log/block/spruce/8", "y": 90, "weight": 10 },
							{ "model": "block/wood/log/block/spruce/8", "y": 90, "x": 180, "weight": 10 },
							{ "model": "block/wood/log/block/spruce/9", "weight": 10 },
							{ "model": "block/wood/log/block/spruce/9", "x": 180, "weight": 10 },
							{ "model": "block/wood/log/block/spruce/9", "y": 90, "weight": 10 },
							{ "model": "block/wood/log/block/spruce/9", "y": 90, "x": 180, "weight": 10 },
							{ "model": "block/wood/log/block/spruce/10", "weight": 10 },
							{ "model": "block/wood/log/block/spruce/10", "x": 180, "weight": 10 },
							{ "model": "block/wood/log/block/spruce/10", "y": 90, "weight": 10 },
							{ "model": "block/wood/log/block/spruce/10", "y": 90, "x": 180, "weight": 10 },
							{ "model": "block/wood/log/block/spruce/11", "weight": 10 },
							{ "model": "block/wood/log/block/spruce/11", "x": 180, "weight": 10 },
							{ "model": "block/wood/log/block/spruce/11", "y": 90, "weight": 10 },
							{ "model": "block/wood/log/block/spruce/11", "y": 90, "x": 180, "weight": 10 },
							{ "model": "block/wood/log/block/spruce/12", "weight": 10 },
							{ "model": "block/wood/log/block/spruce/12", "x": 180, "weight": 10 },
							{ "model": "block/wood/log/block/spruce/12", "y": 90, "weight": 10 },
							{ "model": "block/wood/log/block/spruce/12", "y": 90, "x": 180, "weight": 10 },
							{ "model": "block/wood/log/block/spruce/13", "weight": 10 },
							{ "model": "block/wood/log/block/spruce/13", "x": 180, "weight": 10 },
							{ "model": "block/wood/log/block/spruce/13", "y": 90, "weight": 10 },
							{ "model": "block/wood/log/block/spruce/13", "y": 90, "x": 180, "weight": 10 }],
        "axis=z":   	[{ "model": "block/wood/log/side/spruce/0", "weight": 10 },
							{ "model": "block/wood/log/side/spruce/0", "x": 180, "weight": 10 },
							{ "model": "block/wood/log/side/spruce/1", "weight": 10 },
							{ "model": "block/wood/log/side/spruce/1", "x": 180, "weight": 10 },
							{ "model": "block/wood/log/side/spruce/2", "weight": 10 },
							{ "model": "block/wood/log/side/spruce/2", "x": 180, "weight": 10 },
							{ "model": "block/wood/log/side/spruce/3", "weight": 10 },
							{ "model": "block/wood/log/side/spruce/3", "x": 180, "weight": 10 },
							{ "model": "block/wood/log/side/spruce/4", "weight": 10 },
							{ "model": "block/wood/log/side/spruce/4", "x": 180, "weight": 10 },
							{ "model": "block/wood/log/side/spruce/5", "weight": 10 },
							{ "model": "block/wood/log/side/spruce/5", "x": 180, "weight": 10 },
							{ "model": "block/wood/log/side/spruce/6", "weight": 10 },
							{ "model": "block/wood/log/side/spruce/6", "x": 180, "weight": 10 },
							{ "model": "block/wood/log/side/spruce/7", "weight": 10 },
							{ "model": "block/wood/log/side/spruce/7", "x": 180, "weight": 10 },
							{ "model": "block/wood/log/side/spruce/8", "weight": 10 },
							{ "model": "block/wood/log/side/spruce/8", "x": 180, "weight": 10 },
							{ "model": "block/wood/log/side/spruce/9", "weight": 10 },
							{ "model": "block/wood/log/side/spruce/9", "x": 180, "weight": 10 },
							{ "model": "block/wood/log/side/spruce/10", "weight": 10 },
							{ "model": "block/wood/log/side/spruce/10", "x": 180, "weight": 10 },
							{ "model": "block/wood/log/side/spruce/11", "weight": 10 },
							{ "model": "block/wood/log/side/spruce/11", "x": 180, "weight": 10 },
							{ "model": "block/wood/log/side/spruce/12", "weight": 10 },
							{ "model": "block/wood/log/side/spruce/12", "x": 180, "weight": 10 },
							{ "model": "block/wood/log/side/spruce/13", "weight": 10 },
							{ "model": "block/wood/log/side/spruce/13", "x": 180, "weight": 10 }],
        "axis=x":   	[{ "model": "block/wood/log/side/spruce/0", "y": 90, "weight": 10 },
							{ "model": "block/wood/log/side/spruce/1", "y": 270, "weight": 10 },
							{ "model": "block/wood/log/side/spruce/2", "y": 90, "weight": 10 },
							{ "model": "block/wood/log/side/spruce/2", "y": 270, "weight": 10 },
							{ "model": "block/wood/log/side/spruce/3", "y": 90, "weight": 10 },
							{ "model": "block/wood/log/side/spruce/3", "y": 270, "weight": 10 },
							{ "model": "block/wood/log/side/spruce/4", "y": 90, "weight": 10 },
							{ "model": "block/wood/log/side/spruce/4", "y": 270, "weight": 10 },
							{ "model": "block/wood/log/side/spruce/5", "y": 90, "weight": 10 },
							{ "model": "block/wood/log/side/spruce/5", "y": 270, "weight": 10 },
							{ "model": "block/wood/log/side/spruce/6", "y": 90, "weight": 10 },
							{ "model": "block/wood/log/side/spruce/6", "y": 270, "weight": 10 },
							{ "model": "block/wood/log/side/spruce/7", "y": 90, "weight": 10 },
							{ "model": "block/wood/log/side/spruce/7", "y": 270, "weight": 10 },
							{ "model": "block/wood/log/side/spruce/8", "y": 90, "weight": 10 },
							{ "model": "block/wood/log/side/spruce/8", "y": 270, "weight": 10 },
							{ "model": "block/wood/log/side/spruce/9", "y": 90, "weight": 10 },
							{ "model": "block/wood/log/side/spruce/9", "y": 270, "weight": 10 },
							{ "model": "block/wood/log/side/spruce/10", "y": 90, "weight": 10 },
							{ "model": "block/wood/log/side/spruce/10", "y": 270, "weight": 10 },
							{ "model": "block/wood/log/side/spruce/11", "y": 90, "weight": 10 },
							{ "model": "block/wood/log/side/spruce/11", "y": 270, "weight": 10 },
							{ "model": "block/wood/log/side/spruce/12", "y": 90, "weight": 10 },
							{ "model": "block/wood/log/side/spruce/12", "y": 270, "weight": 10 },
							{ "model": "block/wood/log/side/spruce/13", "y": 90, "weight": 10 },
							{ "model": "block/wood/log/side/spruce/13", "y": 270, "weight": 10 }]
    }
}
