{
"__comment":"Made by Know2Good, part of the 'Default 3D' resource pack || Official download page: http://www.planetminecraft.com/texture_pack/default-3d-2985741/ || © Know2Good. All rights reserved. ",
	"variants": {
        "type=bottom":[
			{ "model": "block/wood/planks/slab/bottom/spruce/0", "weight": 40 },
			
			{ "model": "block/wood/planks/slab/bottom/spruce/1", "weight": 30 },
			{ "model": "block/wood/planks/slab/bottom/spruce/2", "weight": 30 },
			{ "model": "block/wood/planks/slab/bottom/spruce/3", "weight": 30 },
			{ "model": "block/wood/planks/slab/bottom/spruce/4", "weight": 30 },
			
			{ "model": "block/wood/planks/slab/bottom/spruce/5", "weight": 10 },
			{ "model": "block/wood/planks/slab/bottom/spruce/6", "weight": 10 },
			{ "model": "block/wood/planks/slab/bottom/spruce/7", "weight": 10 },
			{ "model": "block/wood/planks/slab/bottom/spruce/8", "weight": 10 },
			{ "model": "block/wood/planks/slab/bottom/spruce/9", "weight": 10 },
			{ "model": "block/wood/planks/slab/bottom/spruce/10", "weight": 10 },
			
			{ "model": "block/wood/planks/slab/bottom/spruce/11", "weight": 10 },
			{ "model": "block/wood/planks/slab/bottom/spruce/12", "weight": 10 },
			{ "model": "block/wood/planks/slab/bottom/spruce/13", "weight": 10 },
			{ "model": "block/wood/planks/slab/bottom/spruce/14", "weight": 10 },
			
			{ "model": "block/wood/planks/slab/bottom/spruce/15", "weight": 5 }
		],
        "type=top":[
			{ "model": "block/wood/planks/slab/top/spruce/0", "weight": 40 },
			
			{ "model": "block/wood/planks/slab/top/spruce/1", "weight": 30 },
			{ "model": "block/wood/planks/slab/top/spruce/2", "weight": 30 },
			{ "model": "block/wood/planks/slab/top/spruce/3", "weight": 30 },
			{ "model": "block/wood/planks/slab/top/spruce/4", "weight": 30 },
			
			{ "model": "block/wood/planks/slab/top/spruce/5", "weight": 10 },
			{ "model": "block/wood/planks/slab/top/spruce/6", "weight": 10 },
			{ "model": "block/wood/planks/slab/top/spruce/7", "weight": 10 },
			{ "model": "block/wood/planks/slab/top/spruce/8", "weight": 10 },
			{ "model": "block/wood/planks/slab/top/spruce/9", "weight": 10 },
			{ "model": "block/wood/planks/slab/top/spruce/10", "weight": 10 },
			
			{ "model": "block/wood/planks/slab/top/spruce/11", "weight": 10 },
			{ "model": "block/wood/planks/slab/top/spruce/12", "weight": 10 },
			{ "model": "block/wood/planks/slab/top/spruce/13", "weight": 10 },
			{ "model": "block/wood/planks/slab/top/spruce/14", "weight": 10 },
			
			{ "model": "block/wood/planks/slab/top/spruce/15", "weight": 5 }
		],
        "type=double": [
			{ "model": "block/wood/planks/block/spruce/0", "weight": 40 },
			
			{ "model": "block/wood/planks/block/spruce/1", "weight": 30 },
			{ "model": "block/wood/planks/block/spruce/2", "weight": 30 },
			{ "model": "block/wood/planks/block/spruce/3", "weight": 30 },
			{ "model": "block/wood/planks/block/spruce/4", "weight": 30 },
			
			{ "model": "block/wood/planks/block/spruce/5", "weight": 10 },
			{ "model": "block/wood/planks/block/spruce/6", "weight": 10 },
			{ "model": "block/wood/planks/block/spruce/7", "weight": 10 },
			{ "model": "block/wood/planks/block/spruce/8", "weight": 10 },
			{ "model": "block/wood/planks/block/spruce/9", "weight": 10 },
			{ "model": "block/wood/planks/block/spruce/10", "weight": 10 },
			
			{ "model": "block/wood/planks/block/spruce/11", "weight": 10 },
			{ "model": "block/wood/planks/block/spruce/12", "weight": 10 },
			{ "model": "block/wood/planks/block/spruce/13", "weight": 10 },
			{ "model": "block/wood/planks/block/spruce/14", "weight": 10 },
			
			{ "model": "block/wood/planks/block/spruce/15", "weight": 5 }
        ]
    }
}

