{
"__comment":"Made by Know2Good, part of the 'Default 3D' resource pack || Official download page: http://www.planetminecraft.com/texture_pack/default-3d-2985741/ || © Know2Good. All rights reserved. ",
    "variants": {
        "": [{ "model": "block/wood/bark/spruce/0", "weight": 10 },
							{ "model": "block/wood/bark/spruce/0", "x": 180, "weight": 10 },
							{ "model": "block/wood/bark/spruce/0", "y": 90, "weight": 10 },
							{ "model": "block/wood/bark/spruce/0", "y": 90, "x": 180, "weight": 10 },
							{ "model": "block/wood/bark/spruce/1", "weight": 10 },
							{ "model": "block/wood/bark/spruce/1", "x": 180, "weight": 10 },
							{ "model": "block/wood/bark/spruce/1", "y": 90, "weight": 10 },
							{ "model": "block/wood/bark/spruce/1", "y": 90, "x": 180, "weight": 10 },
							{ "model": "block/wood/bark/spruce/2", "weight": 10 },
							{ "model": "block/wood/bark/spruce/2", "x": 180, "weight": 10 },
							{ "model": "block/wood/bark/spruce/2", "y": 90, "weight": 10 },
							{ "model": "block/wood/bark/spruce/2", "y": 90, "x": 180, "weight": 10 },
							{ "model": "block/wood/bark/spruce/3", "weight": 10 },
							{ "model": "block/wood/bark/spruce/3", "x": 180, "weight": 10 },
							{ "model": "block/wood/bark/spruce/3", "y": 90, "weight": 10 },
							{ "model": "block/wood/bark/spruce/3", "y": 90, "x": 180, "weight": 10 },
							{ "model": "block/wood/bark/spruce/4", "weight": 10 },
							{ "model": "block/wood/bark/spruce/4", "x": 180, "weight": 10 },
							{ "model": "block/wood/bark/spruce/4", "y": 90, "weight": 10 },
							{ "model": "block/wood/bark/spruce/4", "y": 90, "x": 180, "weight": 10 },
							{ "model": "block/wood/bark/spruce/5", "weight": 10 },
							{ "model": "block/wood/bark/spruce/5", "x": 180, "weight": 10 },
							{ "model": "block/wood/bark/spruce/5", "y": 90, "weight": 10 },
							{ "model": "block/wood/bark/spruce/5", "y": 90, "x": 180, "weight": 10 },
							{ "model": "block/wood/bark/spruce/6", "weight": 10 },
							{ "model": "block/wood/bark/spruce/6", "x": 180, "weight": 10 },
							{ "model": "block/wood/bark/spruce/6", "y": 90, "weight": 10 },
							{ "model": "block/wood/bark/spruce/6", "y": 90, "x": 180, "weight": 10 },
							{ "model": "block/wood/bark/spruce/7", "weight": 10 },
							{ "model": "block/wood/bark/spruce/7", "x": 180, "weight": 10 },
							{ "model": "block/wood/bark/spruce/7", "y": 90, "weight": 10 },
							{ "model": "block/wood/bark/spruce/7", "y": 90, "x": 180, "weight": 10 },
							{ "model": "block/wood/bark/spruce/8", "weight": 10 },
							{ "model": "block/wood/bark/spruce/8", "x": 180, "weight": 10 },
							{ "model": "block/wood/bark/spruce/8", "y": 90, "weight": 10 },
							{ "model": "block/wood/bark/spruce/8", "y": 90, "x": 180, "weight": 10 },
							{ "model": "block/wood/bark/spruce/9", "weight": 10 },
							{ "model": "block/wood/bark/spruce/9", "x": 180, "weight": 10 },
							{ "model": "block/wood/bark/spruce/9", "y": 90, "weight": 10 },
							{ "model": "block/wood/bark/spruce/9", "y": 90, "x": 180, "weight": 10 },
							{ "model": "block/wood/bark/spruce/10", "weight": 10 },
							{ "model": "block/wood/bark/spruce/10", "x": 180, "weight": 10 },
							{ "model": "block/wood/bark/spruce/10", "y": 90, "weight": 10 },
							{ "model": "block/wood/bark/spruce/10", "y": 90, "x": 180, "weight": 10 },
							{ "model": "block/wood/bark/spruce/11", "weight": 10 },
							{ "model": "block/wood/bark/spruce/11", "x": 180, "weight": 10 },
							{ "model": "block/wood/bark/spruce/11", "y": 90, "weight": 10 },
							{ "model": "block/wood/bark/spruce/11", "y": 90, "x": 180, "weight": 10 },
							{ "model": "block/wood/bark/spruce/12", "weight": 10 },
							{ "model": "block/wood/bark/spruce/12", "x": 180, "weight": 10 },
							{ "model": "block/wood/bark/spruce/12", "y": 90, "weight": 10 },
							{ "model": "block/wood/bark/spruce/12", "y": 90, "x": 180, "weight": 10 },
							{ "model": "block/wood/bark/spruce/13", "weight": 10 },
							{ "model": "block/wood/bark/spruce/13", "x": 180, "weight": 10 },
							{ "model": "block/wood/bark/spruce/13", "y": 90, "weight": 10 },
							{ "model": "block/wood/bark/spruce/13", "y": 90, "x": 180, "weight": 10 }
        ]
    }
}

