{
"__comment":"Made by Know2Good, part of the 'Default 3D' resource pack || Official download page: http://www.planetminecraft.com/texture_pack/default-3d-2985741/ || © Know2Good. All rights reserved. ",
"__comment":"OK",

	"variants": {
        "": [
            { "model": "block/stone/stone/block/0", "weight": 1 },
            { "model": "block/stone/stone/block/0", "y": 180, "weight": 1 },
			
			{ "model": "block/stone/stone/block/1", "weight": 1 },
            { "model": "block/stone/stone/block/1", "y": 180, "weight": 1 },
			
			{ "model": "block/stone/stone/block/2", "weight": 1 },
            { "model": "block/stone/stone/block/2", "y": 180, "weight": 1 },
			
			{ "model": "block/stone/stone/block/3", "weight": 1 },
            { "model": "block/stone/stone/block/3", "y": 180, "weight": 1 },
			
			{ "model": "block/stone/stone/block/4", "weight": 1 },
            { "model": "block/stone/stone/block/4", "y": 180, "weight": 1 },
			
			{ "model": "block/stone/stone/block/5", "weight": 1 },
            { "model": "block/stone/stone/block/5", "y": 180, "weight": 1 },

            { "model": "block/stone/stone/block/6", "weight": 1 },
            { "model": "block/stone/stone/block/6", "y": 180, "weight": 1 },
			
			{ "model": "block/stone/stone/block/7", "weight": 1 },
            { "model": "block/stone/stone/block/7", "y": 180, "weight": 1 },
			
			{ "model": "block/stone/stone/block/8", "weight": 1 },
            { "model": "block/stone/stone/block/8", "y": 180, "weight": 1 },
			
			{ "model": "block/stone/stone/block/9", "weight": 1 },
            { "model": "block/stone/stone/block/9", "y": 180, "weight": 1 },
			
			{ "model": "block/stone/stone/block/10", "weight": 1 },
            { "model": "block/stone/stone/block/10", "y": 180, "weight": 1 },
			
			{ "model": "block/stone/stone/block/11", "weight": 1 },
            { "model": "block/stone/stone/block/11", "y": 180, "weight": 1 },
			
            { "model": "block/stone/stone/block/12", "weight": 1 },
            { "model": "block/stone/stone/block/12", "y": 180, "weight": 1 },
			
			{ "model": "block/stone/stone/block/13", "weight": 1 },
            { "model": "block/stone/stone/block/13", "y": 180, "weight": 1 },
			
			{ "model": "block/stone/stone/block/14", "weight": 1 },
            { "model": "block/stone/stone/block/14", "y": 180, "weight": 1 },
			
			{ "model": "block/stone/stone/block/15", "weight": 1 },
            { "model": "block/stone/stone/block/15", "y": 180, "weight": 1 },
			
			{ "model": "block/stone/stone/block/16", "weight": 1 },
            { "model": "block/stone/stone/block/16", "y": 180, "weight": 1 },
			
			{ "model": "block/stone/stone/block/17", "weight": 1 },
            { "model": "block/stone/stone/block/17", "y": 180, "weight": 1 },
			
			{ "model": "block/stone/stone/block/18", "weight": 1 },
            { "model": "block/stone/stone/block/18", "y": 180, "weight": 1 },
			
			{ "model": "block/stone/stone/block/19", "weight": 1 },
            { "model": "block/stone/stone/block/19", "y": 180, "weight": 1 },
			
			{ "model": "block/stone/stone/block/20", "weight": 1 },
            { "model": "block/stone/stone/block/20", "y": 180, "weight": 1 },
			
			{ "model": "block/stone/stone/block/21", "weight": 1 },
            { "model": "block/stone/stone/block/21", "y": 180, "weight": 1 },
			
			{ "model": "block/stone/stone/block/22", "weight": 1 },
            { "model": "block/stone/stone/block/22", "y": 180, "weight": 1 },
			
			{ "model": "block/stone/stone/block/23", "weight": 1 },
            { "model": "block/stone/stone/block/23", "y": 180, "weight": 1 },
			
			{ "model": "block/stone/stone/block/24", "weight": 1 },
            { "model": "block/stone/stone/block/24", "y": 180, "weight": 1 },
			
			{ "model": "block/stone/stone/block/25", "weight": 1 },
            { "model": "block/stone/stone/block/25", "y": 180, "weight": 1 },
			
			{ "model": "block/stone/stone/block/26", "weight": 1 },
            { "model": "block/stone/stone/block/26", "y": 180, "weight": 1 },
			
			{ "model": "block/stone/stone/block/27", "weight": 1 },
            { "model": "block/stone/stone/block/27", "y": 180, "weight": 1 },
			
			{ "model": "block/stone/stone/block/28", "weight": 1 },
            { "model": "block/stone/stone/block/28", "y": 180, "weight": 1 },
			
			{ "model": "block/stone/stone/block/29", "weight": 1 },
            { "model": "block/stone/stone/block/29", "y": 180, "weight": 1 },
			
			{ "model": "block/stone/stone/block/30", "weight": 1 },
            { "model": "block/stone/stone/block/30", "y": 180, "weight": 1 },
			
			{ "model": "block/stone/stone/block/31", "weight": 1 },
            { "model": "block/stone/stone/block/31", "y": 180, "weight": 1 },
			
			{ "model": "block/stone/stone/block/32", "weight": 1 },
            { "model": "block/stone/stone/block/32", "y": 180, "weight": 1 },
			
			{ "model": "block/stone/stone/block/33", "weight": 1 },
            { "model": "block/stone/stone/block/33", "y": 180, "weight": 1 },
			
			{ "model": "block/stone/stone/block/34", "weight": 1 },
            { "model": "block/stone/stone/block/34", "y": 180, "weight": 1 },
			
			{ "model": "block/stone/stone/block/35", "weight": 1 },
            { "model": "block/stone/stone/block/35", "y": 180, "weight": 1 },
			
			{ "model": "block/stone/stone/block/36", "weight": 1 },
            { "model": "block/stone/stone/block/36", "y": 180, "weight": 1 },
			
			{ "model": "block/stone/stone/block/37", "weight": 1 },
            { "model": "block/stone/stone/block/37", "y": 180, "weight": 1 },
			
			{ "model": "block/stone/stone/block/38", "weight": 1 },
            { "model": "block/stone/stone/block/38", "y": 180, "weight": 1 },
			
			{ "model": "block/stone/stone/block/39", "weight": 1 },
            { "model": "block/stone/stone/block/39", "y": 180, "weight": 1 },
			
			{ "model": "block/stone/stone/block/40", "weight": 1 },
            { "model": "block/stone/stone/block/40", "y": 180, "weight": 1 },
			
			{ "model": "block/stone/stone/block/41", "weight": 1 },
            { "model": "block/stone/stone/block/41", "y": 180, "weight": 1 },
			
			{ "model": "block/stone/stone/block/42", "weight": 1 },
            { "model": "block/stone/stone/block/42", "y": 180, "weight": 1 },
			
			{ "model": "block/stone/stone/block/43", "weight": 1 },
            { "model": "block/stone/stone/block/43", "y": 180, "weight": 1 },
			
			{ "model": "block/stone/stone/block/44", "weight": 1 },
            { "model": "block/stone/stone/block/44", "y": 180, "weight": 1 },
			
			{ "model": "block/stone/stone/block/45", "weight": 1 },
            { "model": "block/stone/stone/block/45", "y": 180, "weight": 1 },
			
			{ "model": "block/stone/stone/block/46", "weight": 1 },
            { "model": "block/stone/stone/block/46", "y": 180, "weight": 1 },
			
			{ "model": "block/stone/stone/block/47", "weight": 1 },
            { "model": "block/stone/stone/block/47", "y": 180, "weight": 1 },
			
			{ "model": "block/stone/stone/block/48", "weight": 1 },
            { "model": "block/stone/stone/block/48", "y": 180, "weight": 1 },
			
			{ "model": "block/stone/stone/block/49", "weight": 1 },
            { "model": "block/stone/stone/block/49", "y": 180, "weight": 1 },
			
			{ "model": "block/stone/stone/block/50", "weight": 1 },
            { "model": "block/stone/stone/block/50", "y": 180, "weight": 1 },
			
			{ "model": "block/stone/stone/block/51", "weight": 1 },
            { "model": "block/stone/stone/block/51", "y": 180, "weight": 1 },
			
			{ "model": "block/stone/stone/block/52", "weight": 1 },
            { "model": "block/stone/stone/block/52", "y": 180, "weight": 1 },
			
			{ "model": "block/stone/stone/block/53", "weight": 1 },
            { "model": "block/stone/stone/block/53", "y": 180, "weight": 1 },
			
			{ "model": "block/stone/stone/block/54", "weight": 1 },
            { "model": "block/stone/stone/block/54", "y": 180, "weight": 1 },
			
			{ "model": "block/stone/stone/block/55", "weight": 1 },
            { "model": "block/stone/stone/block/55", "y": 180, "weight": 1 },

			{ "model": "block/stone/stone/block/56", "weight": 1 },
            { "model": "block/stone/stone/block/56", "y": 180, "weight": 1 },
			
			{ "model": "block/stone/stone/block/57", "weight": 1 },
            { "model": "block/stone/stone/block/57", "y": 180, "weight": 1 },
			
			{ "model": "block/stone/stone/block/58", "weight": 1 },
            { "model": "block/stone/stone/block/58", "y": 180, "weight": 1 },
			
			{ "model": "block/stone/stone/block/59", "weight": 1 },
            { "model": "block/stone/stone/block/59", "y": 180, "weight": 1 },
			
			{ "model": "block/stone/stone/block/60", "weight": 1 },
            { "model": "block/stone/stone/block/60", "y": 180, "weight": 1 },
			
			{ "model": "block/stone/stone/block/61", "weight": 1 },
            { "model": "block/stone/stone/block/61", "y": 180, "weight": 1 },
			
			{ "model": "block/stone/stone/block/62", "weight": 1 },
            { "model": "block/stone/stone/block/62", "y": 180, "weight": 1 },
			
			{ "model": "block/stone/stone/block/63", "weight": 1 },
            { "model": "block/stone/stone/block/63", "y": 180, "weight": 1 },
			
			{ "model": "block/stone/stone/block/64", "weight": 1 },
            { "model": "block/stone/stone/block/64", "y": 180, "weight": 1 },
			
			{ "model": "block/stone/stone/block/65", "weight": 1 },
            { "model": "block/stone/stone/block/65", "y": 180, "weight": 1 },
			
			{ "model": "block/stone/stone/block/66", "weight": 1 },
            { "model": "block/stone/stone/block/66", "y": 180, "weight": 1 },
			
			{ "model": "block/stone/stone/block/67", "weight": 1 },
            { "model": "block/stone/stone/block/67", "y": 180, "weight": 1 },
			
			{ "model": "block/stone/stone/block/68", "weight": 1 },
            { "model": "block/stone/stone/block/68", "y": 180, "weight": 1 },
			
			{ "model": "block/stone/stone/block/69", "weight": 1 },
            { "model": "block/stone/stone/block/69", "y": 180, "weight": 1 },
			
			{ "model": "block/stone/stone/block/70", "weight": 1 },
            { "model": "block/stone/stone/block/70", "y": 180, "weight": 1 },
			
			{ "model": "block/stone/stone/block/71", "weight": 1 },
            { "model": "block/stone/stone/block/71", "y": 180, "weight": 1 },
			
			{ "model": "block/stone/stone/block/72", "weight": 1 },
            { "model": "block/stone/stone/block/72", "y": 180, "weight": 1 },
			
			{ "model": "block/stone/stone/block/73", "weight": 1 },
            { "model": "block/stone/stone/block/73", "y": 180, "weight": 1 },
			
			{ "model": "block/stone/stone/block/74", "weight": 1 },
            { "model": "block/stone/stone/block/74", "y": 180, "weight": 1 },
			
			{ "model": "block/stone/stone/block/75", "weight": 1 },
            { "model": "block/stone/stone/block/75", "y": 180, "weight": 1 },
			
			{ "model": "block/stone/stone/block/76", "weight": 1 },
            { "model": "block/stone/stone/block/76", "y": 180, "weight": 1 },
			
			{ "model": "block/stone/stone/block/77", "weight": 1 },
            { "model": "block/stone/stone/block/77", "y": 180, "weight": 1 },
			
			{ "model": "block/stone/stone/block/78", "weight": 1 },
            { "model": "block/stone/stone/block/78", "y": 180, "weight": 1 },
			
			{ "model": "block/stone/stone/block/79", "weight": 1 },
            { "model": "block/stone/stone/block/79", "y": 180, "weight": 1 },
			
			{ "model": "block/stone/stone/block/80", "weight": 1 },
            { "model": "block/stone/stone/block/80", "y": 180, "weight": 1 },
			
			{ "model": "block/stone/stone/block/81", "weight": 1 },
            { "model": "block/stone/stone/block/81", "y": 180, "weight": 1 },
			
			{ "model": "block/stone/stone/block/82", "weight": 1 },
            { "model": "block/stone/stone/block/82", "y": 180, "weight": 1 },
			
			{ "model": "block/stone/stone/block/83", "weight": 1 },
            { "model": "block/stone/stone/block/83", "y": 180, "weight": 1 }
        ]
    }
}

