{
"__comment":"Made by Know2Good, part of the 'Default 3D' resource pack || Official download page: http://www.planetminecraft.com/texture_pack/default-3d-2985741/ || © Know2Good. All rights reserved. ",
	"variants": {
        "type=bottom":[
			{ "model": "block/stone_brick_slab", "weight": 40 },
			
			{ "model": "block/stone_brick_slab_alt1", "weight": 30 },
			{ "model": "block/stone_brick_slab_alt2", "weight": 30 },
			{ "model": "block/stone_brick_slab_alt3", "weight": 30 },
			{ "model": "block/stone_brick_slab_alt4", "weight": 30 },
			
			{ "model": "block/stone_brick_slab_alt5", "weight": 10 },
			{ "model": "block/stone_brick_slab_alt6", "weight": 10 },
			{ "model": "block/stone_brick_slab_alt7", "weight": 10 },
			{ "model": "block/stone_brick_slab_alt8", "weight": 10 },
			{ "model": "block/stone_brick_slab_alt9", "weight": 10 },
			{ "model": "block/stone_brick_slab_alt10", "weight": 10 },
			
			{ "model": "block/stone_brick_slab_alt11", "weight": 10 },
			{ "model": "block/stone_brick_slab_alt12", "weight": 10 },
			{ "model": "block/stone_brick_slab_alt13", "weight": 10 },
			{ "model": "block/stone_brick_slab_alt14", "weight": 10 },
			{ "model": "block/stone_brick_slab_alt15", "weight": 10 },
			{ "model": "block/stone_brick_slab_alt16", "weight": 10 },
			
			{ "model": "block/stone_brick_slab_alt17", "weight": 5 }
		],
        "type=top":[
			{ "model": "block/stone_brick_slab_top", "weight": 40 },
			
			{ "model": "block/stone_brick_slab_top_alt1", "weight": 30 },
			{ "model": "block/stone_brick_slab_top_alt2", "weight": 30 },
			{ "model": "block/stone_brick_slab_top_alt3", "weight": 30 },
			{ "model": "block/stone_brick_slab_top_alt4", "weight": 30 },
			
			{ "model": "block/stone_brick_slab_top_alt5", "weight": 10 },
			{ "model": "block/stone_brick_slab_top_alt6", "weight": 10 },
			{ "model": "block/stone_brick_slab_top_alt7", "weight": 10 },
			{ "model": "block/stone_brick_slab_top_alt8", "weight": 10 },
			{ "model": "block/stone_brick_slab_top_alt9", "weight": 10 },
			{ "model": "block/stone_brick_slab_top_alt10", "weight": 10 },
			
			{ "model": "block/stone_brick_slab_top_alt11", "weight": 10 },
			{ "model": "block/stone_brick_slab_top_alt12", "weight": 10 },
			{ "model": "block/stone_brick_slab_top_alt13", "weight": 10 },
			{ "model": "block/stone_brick_slab_top_alt14", "weight": 10 },
			{ "model": "block/stone_brick_slab_top_alt15", "weight": 10 },
			{ "model": "block/stone_brick_slab_top_alt16", "weight": 10 },
			
			{ "model": "block/stone_brick_slab_top_alt17", "weight": 5 }
		],
        "type=double": [
			{ "model": "block/stone_bricks", "weight": 40 },
			
			{ "model": "block/stone_bricks_alt1", "weight": 30 },
			{ "model": "block/stone_bricks_alt2", "weight": 30 },
			{ "model": "block/stone_bricks_alt3", "weight": 30 },
			{ "model": "block/stone_bricks_alt4", "weight": 30 },
			
			{ "model": "block/stone_bricks_alt5", "weight": 10 },
			{ "model": "block/stone_bricks_alt6", "weight": 10 },
			{ "model": "block/stone_bricks_alt7", "weight": 10 },
			{ "model": "block/stone_bricks_alt8", "weight": 10 },
			{ "model": "block/stone_bricks_alt9", "weight": 10 },
			{ "model": "block/stone_bricks_alt10", "weight": 10 },
			
			{ "model": "block/stone_bricks_alt11", "weight": 10 },
			{ "model": "block/stone_bricks_alt12", "weight": 10 },
			{ "model": "block/stone_bricks_alt13", "weight": 10 },
			{ "model": "block/stone_bricks_alt14", "weight": 10 },
			{ "model": "block/stone_bricks_alt15", "weight": 10 },
			{ "model": "block/stone_bricks_alt16", "weight": 10 },
			
			{ "model": "block/stone_bricks_alt17", "weight": 5 }
        ]
    }
}

